nct_id,technology
NCT06669572,Antibody
NCT06669572,Small Molecule
NCT06883552,Antibody
NCT06366490,Cancer Vaccine
NCT06835387,Small Molecule
NCT06835387,Small Molecule
NCT06835387,Small Molecule
NCT06896188,Antibody
NCT06896188,Small Molecule
NCT06896188,Small Molecule
NCT06896188,Small Molecule
NCT06896188,Small Molecule
NCT06822972,Small Molecule
NCT06906562,Small Molecule
NCT06328036,Antibody
NCT06328036,Antibody
NCT06066138,Antibody
NCT06908031,Antibody
NCT06908031,Antibody
NCT06908031,Antibody
NCT06912152,Small Molecule
NCT06912152,Small Molecule
NCT06912152,Chimeric Antigen Receptor T-Cell Therapy (CAR-T)
NCT05903833,Antibody
NCT05903833,Small Molecule
NCT06364267,Small Molecule
NCT06364267,Small Molecule
NCT06508931,Chimeric Antigen Receptor T-Cell Therapy (CAR-T)
NCT06517017,Antibody
NCT06517017,Small Molecule
NCT06517017,Small Molecule
NCT06887803,Small Molecule
NCT06887803,Small Molecule
NCT06882746,Antibody
NCT06682637,Engineered Protein Therapy
NCT06682637,Small Molecule
NCT06914128,Small Molecule
NCT06728072,Small Molecule
NCT06728072,Small Molecule
NCT06728072,Small Molecule
NCT06834672,Antibody Drug Conjugate (ADC)
NCT06834672,Small Molecule
NCT06834672,Small Molecule
NCT06834672,Small Molecule
NCT06856200,Small Molecule
NCT06856200,Small Molecule
NCT06856200,Small Molecule
NCT06801730,Antibody
NCT06851247,Antibody
NCT06851247,Small Molecule
NCT06851247,Small Molecule
NCT06851247,Small Molecule
NCT06352866,Antibody
NCT06352866,Antibody
NCT06744894,Small Molecule
NCT06744894,Small Molecule
NCT06744894,Small Molecule
NCT06720324,Small Molecule
NCT06720324,Small Molecule
NCT06735131,Antibody
NCT06735131,Small Molecule
NCT06735131,Small Molecule
NCT06735131,Small Molecule
NCT06730932,Antibody
NCT06730932,Antibody
NCT06667908,Small Molecule Radiopharmaceutical
NCT06667908,Antibody
NCT06667908,Small Molecule
NCT06667908,Small Molecule
NCT06700395,Antibody
NCT06749886,Antibody
NCT06749886,Antibody
NCT06749886,Small Molecule
NCT06171685,Antibody
NCT06682611,Small Molecule
NCT06682611,Antibody
NCT06682611,Small Molecule
NCT06682611,Small Molecule
NCT06682611,Small Molecule
NCT06682611,Small Molecule
NCT06682611,Small Molecule
NCT06682611,Small Molecule
NCT06682611,Small Molecule
NCT06647563,Antibody
NCT06647563,Antibody
NCT06647563,Small Molecule
NCT06647563,Small Molecule
NCT06647563,Small Molecule
NCT06673693,Antibody
NCT06217536,Small Molecule
NCT06613152,Tumor Inflitrating Lymphocyte Therapy (TIL)
NCT06490536,Small Molecule
NCT06490536,Small Molecule
NCT06490536,Small Molecule
NCT06490536,Small Molecule
NCT06490536,Small Molecule
NCT06490536,Antibody
NCT06490536,Antibody
NCT06490536,Antibody
NCT06490536,Antibody
NCT06490536,Antibody
NCT06253637,Antibody
NCT06578286,Antibody Drug Conjugate (ADC)
NCT06519370,Antibody Drug Conjugate (ADC)
NCT06519370,Small Molecule
NCT06519370,Small Molecule
NCT06519370,Small Molecule
NCT06519370,Small Molecule
NCT06416410,Small Molecule
NCT06416410,Antibody
NCT06416410,Small Molecule
NCT06416410,Small Molecule
NCT06416410,Small Molecule
NCT06549595,Antibody
NCT06549595,Antibody
NCT06549595,Small Molecule
NCT06549595,Small Molecule
NCT06549595,Small Molecule
NCT06549595,Small Molecule
NCT06549595,Small Molecule
NCT06509568,Small Molecule
NCT06509568,Antibody
NCT06080165,Small Molecule
NCT06525948,Small Molecule
NCT06444412,Radiopharmaceutical Imaging
NCT06562920,Antibody
NCT06260033,Radiopharmaceutical Imaging
NCT05901194,Small Molecule
NCT06734182,Antibody
NCT06734182,Antibody Drug Conjugate (ADC)
NCT06734182,Small Molecule
NCT06422156,Antibody
NCT06422156,Small Molecule
NCT06422156,Small Molecule
NCT06422156,Small Molecule
NCT06881537,Small Molecule
NCT06881537,Small Molecule
NCT06881537,Antibody
NCT06881537,Antibody
NCT06408194,Chimeric Antigen Receptor T-Cell Therapy (CAR-T)
NCT06300320,Small Molecule
NCT06255379,Small Molecule
NCT06255379,Small Molecule
NCT06358638,Antibody
NCT06358638,Antibody
NCT06358638,Small Molecule
NCT06494514,Antibody
NCT06494514,Small Molecule
NCT06494514,Small Molecule
NCT06494514,Small Molecule
NCT06297226,Cell Therapy
NCT06432296,Antibody
NCT06099366,Small Molecule
NCT06099366,Other Protein Therapy
NCT06099366,Small Molecule
NCT06099366,Small Molecule
NCT06099366,Small Molecule
NCT06099366,Small Molecule
NCT06099366,Small Molecule
NCT06099366,Small Molecule
NCT05679921,Antibody
NCT05679921,Small Molecule
NCT06329999,Small Molecule
NCT06329999,Small Molecule
NCT06329999,Other Protein Therapy
NCT06329999,Small Molecule
NCT06208462,Antibody
NCT06208462,Small Molecule
NCT06208462,Small Molecule
NCT06208462,Small Molecule
NCT05967182,Antibody
NCT05967182,Small Molecule
NCT05967182,Small Molecule
NCT06077760,Cancer Vaccine
NCT06077760,Antibody
NCT05995041,Chimeric Antigen Receptor T-Cell Therapy (CAR-T)
NCT06017323,Small Molecule
NCT06017323,Small Molecule
NCT06017323,Small Molecule
NCT06109207,Antibody
NCT06109207,Small Molecule
NCT06081595,Small Molecule
NCT06081595,Small Molecule
NCT06109064,Small Molecule
NCT06109064,Small Molecule
NCT06109064,Small Molecule
NCT06008119,Small Molecule
NCT06008119,Small Molecule
NCT06008119,Antibody
NCT06008119,Antibody
NCT06321887,Small Molecule
NCT05863195,Antibody
NCT05863195,Antibody
NCT05863195,Small Molecule
NCT05863195,Small Molecule
NCT05863195,Small Molecule
NCT05863195,Small Molecule
NCT05863195,Small Molecule
NCT05863195,Antibody
NCT05318469,Small Molecule
NCT05318469,Antibody
NCT06080893,Small Molecule
NCT05888844,Small Molecule
NCT06092957,Small Molecule
NCT06092957,Antibody
NCT06092957,Antibody
NCT06092957,Antibody
NCT06045689,Engineered Protein Therapy
NCT06057168,Radiopharmaceutical
NCT06057168,Small Molecule
NCT06015568,Antibody
NCT06015568,Small Molecule
NCT06020833,Small Molecule
NCT06020833,Small Molecule
NCT06809426,Radiopharmaceuticals
NCT03529448,Small Molecule
NCT03529448,Small Molecule
NCT05907304,Small Molecule
NCT05907304,Small Molecule
NCT05918250,mRNA
NCT05453396,Antibody Drug Conjugate (ADC)
NCT05553041,Radiopharmaceutical Imaging
NCT06041425,Small Molecule
NCT06041425,Small Molecule
NCT05770531,Antibody Drug Conjugate (ADC)
NCT05954312,Small Molecule
NCT05777278,Small Molecule
NCT05777278,Small Molecule
NCT05850234,Chimeric Antigen Receptor T-Cell Therapy (CAR-T)
NCT05961696,Antibody
NCT05751265,Antibody
NCT05751265,Small Molecule
NCT05751265,Small Molecule
NCT05443425,Small Molecule
NCT05443425,Small Molecule
NCT05812807,Antibody
NCT05926960,Small Molecule
NCT05926960,Small Molecule
NCT05926960,Antibody
NCT05926960,Antibody
NCT05926960,Antibody
NCT05443464,Mesenchymal Stem Cell Therapy (MSCs)
NCT05894837,Antibody
NCT05894837,Small Molecule
NCT05400902,Small Molecule
NCT05400902,Small Molecule
NCT05400902,Antibody
NCT05400902,Antibody
NCT05885464,Chimeric Antigen Receptor T-Cell Therapy (CAR-T)
NCT05976997,Small Molecule
NCT05976997,Small Molecule
NCT05848999,Chimeric Antigen Receptor T-Cell Therapy (CAR-T)
NCT05843448,Subunit Vaccine
NCT05843448,Antibody
NCT05701709,Antibody Drug Conjugate (ADC)
NCT05371054,Small Molecule
NCT05371054,Small Molecule
NCT05371054,Small Molecule
NCT05661591,Small Molecule
NCT05661591,Small Molecule
NCT05715398,Small Molecule
NCT05715398,Small Molecule
NCT05675813,Small Molecule
NCT05675813,Small Molecule
NCT05675813,Small Molecule
NCT05675813,Small Molecule
NCT05675813,Small Molecule
NCT05675813,Small Molecule
NCT05675813,Small Molecule
NCT05675813,Antibody
NCT05675813,Small Molecule
NCT05716113,Chimeric Antigen Receptor T-Cell Therapy (CAR-T)
NCT05722795,Small Molecule
NCT05870995,Small Molecule
NCT05870995,Small Molecule
NCT05870995,Small Molecule
NCT05870995,Small Molecule
NCT05870995,Small Molecule
NCT05870995,Small Molecule
NCT05870995,Small Molecule
NCT05679258,Antibody
NCT05608785,Antibody
NCT05608785,Small Molecule
NCT05608785,Small Molecule
NCT05608785,Antibody
NCT05608785,Antibody
NCT05608785,Small Molecule
NCT05668767,Small Molecule
NCT05668767,Antibody
NCT05668767,Small Molecule
NCT05668767,Small Molecule
NCT05668767,Small Molecule
NCT05669807,Antibody
NCT05669807,Small Molecule
NCT05669807,Small Molecule
NCT05990998,Radiopharmaceutical Imaging
NCT05990998,Radiopharmaceutical Imaging
NCT05198843,Small Molecule
NCT05208762,Antibody Drug Conjugate (ADC)
NCT05208762,Antibody
NCT05425862,Small Molecule
NCT05425862,Small Molecule
NCT04892277,Small Molecule
NCT04892277,Small Molecule
NCT04892277,Small Molecule
NCT05521412,Radiopharmaceutical Imaging
NCT05489731,Small Molecule
NCT05285358,Small Molecule
NCT05285358,Small Molecule
NCT05285358,Small Molecule
NCT05322135,Radiopharmaceutical Imaging
NCT05779514,Small Molecule
NCT05111574,Antibody
NCT05491512,Small Molecule
NCT05491512,Small Molecule
NCT05491512,Small Molecule
NCT05491512,Small Molecule
NCT06469138,Small Molecule
NCT05463601,Other Protein Therapy
NCT05463601,Small Molecule
NCT05463601,Small Molecule
NCT05463601,Small Molecule
NCT05463601,Small Molecule
NCT05463601,Small Molecule
NCT05406466,Antibody
NCT05406466,Small Molecule
NCT05465343,Small Molecule
NCT05480865,Small Molecule
NCT05480865,Small Molecule
NCT04978727,Subunit Vaccine
NCT04978727,Other Protein Therapy
NCT04978727,Vaccine Adjuvant
NCT05186545,Small Molecule
NCT05186545,Small Molecule
NCT05186545,Small Molecule
NCT05381038,Small Molecule
NCT05381038,Small Molecule
NCT05381038,Small Molecule
NCT05381038,Small Molecule
NCT05429398,Small Molecule
NCT05429398,Antibody
NCT04655391,Small Molecule
NCT04655391,Small Molecule
NCT04655391,Small Molecule
NCT05600309,Antibody
NCT05600309,Antibody
NCT05600309,Small Molecule
NCT05600309,Small Molecule
NCT05389293,Antibody
NCT05389293,Small Molecule
NCT05393804,Chimeric Antigen Receptor T-Cell Therapy (CAR-T)
NCT05393804,Chimeric Antigen Receptor T-Cell Therapy (CAR-T)
NCT05479812,Other Protein Therapy
NCT05479812,Antibody
NCT05055063,Antibody Drug Conjugate (ADC)
NCT05135715,Antibody Drug Conjugate (ADC)
NCT05198934,Small Molecule
NCT05198934,Antibody
NCT05198934,Small Molecule
NCT05198934,Small Molecule
NCT05198934,Small Molecule
NCT05327582,Antibody
NCT05327582,Small Molecule
NCT05327582,Small Molecule
NCT05317325,Cancer Vaccine
NCT04826016,Engineered Protein Therapy
NCT04826016,Small Molecule
NCT04826016,Small Molecule
NCT05315700,Small Molecule
NCT05024305,Antibody
NCT05081193,Small Molecule
NCT05081193,Small Molecule
NCT05231850,Antibody
NCT05296772,Other Protein Therapy
NCT05296772,Engineered Protein Therapy
NCT05296772,Antibody
NCT05302921,Antibody
NCT05302921,Antibody
NCT05636566,Small Molecule
NCT05636566,Small Molecule
NCT05636566,Small Molecule
NCT05204628,Small Molecule
NCT05204628,Small Molecule
NCT04119830,Antibody
NCT04119830,Small Molecule
NCT04591028,Imaging
NCT05239182,Small Molecule
NCT05239182,Antibody
NCT05239182,Small Molecule
NCT05239182,Small Molecule
NCT04965077,Antibody
NCT05305859,Small Molecule
NCT05305859,Small Molecule
NCT05305859,Small Molecule
NCT05111366,Antibody
NCT04956276,Small Molecule
NCT05796089,Small Molecule
NCT05796089,Small Molecule
NCT05796089,Small Molecule
NCT05796089,Antibody
NCT05183958,Antibody
NCT05067283,Small Molecule
NCT05067283,Antibody
NCT05067283,Small Molecule
NCT05067283,Small Molecule
NCT05067283,Antibody
NCT05067283,Small Molecule
NCT05067283,Small Molecule
NCT05078671,Small Molecule
NCT05078671,Small Molecule
NCT05170334,Small Molecule
NCT05170334,Small Molecule
NCT04372927,Small Molecule
NCT04372927,Antibody
NCT04372927,Small Molecule
NCT04372927,Small Molecule
NCT05155189,Chimeric Antigen Receptor T-Cell Therapy (CAR-T)
NCT05155189,Small Molecule
NCT04837196,Cell Therapy
NCT04837196,Antibody
NCT05114720,Small Molecule
NCT05114720,Small Molecule
NCT05114720,Small Molecule
NCT05114720,Small Molecule
NCT05114720,Small Molecule
NCT05001347,Antibody
NCT04999540,Small Molecule
NCT04999540,Small Molecule
NCT05627778,Radiopharmaceutical Imaging
NCT05627778,Radiopharmaceutical Imaging
NCT04337177,Small Molecule
NCT04337177,Small Molecule
NCT04891809,Antibody
NCT04891809,Small Molecule
NCT04891809,Small Molecule
NCT05061537,Oncolytic Virus
NCT05061537,Antibody
NCT05083481,Small Molecule
NCT05083481,Antibody
NCT05008224,Antibody
NCT05008224,Small Molecule
NCT05008224,Small Molecule
NCT05008224,Small Molecule
NCT05008224,Small Molecule
NCT05008224,Small Molecule
NCT05008224,Small Molecule
NCT05008224,Small Molecule
NCT05008224,Small Molecule
NCT05008224,Small Molecule
NCT04933903,Antibody
NCT04933903,Antibody
NCT04982900,Small Molecule
NCT04278651,Small Molecule
NCT04985851,Antibody
NCT04985851,Small Molecule
NCT04003896,Small Molecule
NCT05017012,Antibody
NCT05017012,Small Molecule
NCT05017012,Small Molecule
NCT05017012,Small Molecule
NCT05017012,Small Molecule
NCT05017012,Small Molecule
NCT05017012,Small Molecule
NCT05039931,Antibody
NCT05002270,Small Molecule
NCT05002270,Antibody
NCT05103891,Small Molecule
NCT05078138,Other Protein Therapy
NCT04826107,Antibody Drug Conjugate (ADC)
NCT04955886,Small Molecule
NCT04955886,Antibody
NCT04807166,Small Molecule
NCT04807166,Small Molecule
NCT04807166,Small Molecule
NCT04877613,Small Molecule
NCT04877613,Small Molecule
NCT05075122,Antibody
NCT05075122,Other Protein Therapy
NCT04517227,Antibody
NCT04924101,Antibody
NCT04924101,Antibody
NCT04924101,Antibody
NCT04924101,Small Molecule
NCT04924101,Small Molecule
NCT04924101,Small Molecule
NCT04924101,Small Molecule
NCT04898634,Antibody
NCT04906395,Small Molecule
NCT04906395,Small Molecule
NCT04906395,Small Molecule
NCT04906395,Small Molecule
NCT04937972,Engineered Protein Therapy
NCT04937972,Small Molecule
NCT04946890,Small Molecule
NCT04961788,Antibody
NCT04961788,Small Molecule
NCT04961788,Small Molecule
NCT04846920,Small Molecule
NCT04808570,Small Molecule
NCT04717531,Small Molecule
NCT04717531,Antibody
NCT04717531,Antibody
NCT04717531,Small Molecule
NCT04717531,Small Molecule
NCT04717531,Small Molecule
NCT04938297,Antibody
NCT04938297,Small Molecule
NCT04938297,Small Molecule
NCT04902885,Small Molecule
NCT04902885,Small Molecule
NCT04902885,Small Molecule
NCT04902885,Small Molecule
NCT06669013,Antibody
NCT05893654,Small Molecule
NCT04912765,Antibody
NCT04868747,Small Molecule
NCT04868747,Small Molecule
NCT04954001,Small Molecule
NCT04649476,Antibody
NCT04649476,Small Molecule
NCT04649476,Small Molecule
NCT04649476,Small Molecule
NCT04965155,Antibody
NCT04965155,Small Molecule
NCT04731467,Antibody
NCT04731467,Antibody
NCT04731467,Small Molecule
NCT04731467,Small Molecule
NCT04731467,Antibody
NCT04731467,Small Molecule
NCT04749394,Antibody
NCT04749394,Small Molecule
NCT04923529,Small Molecule
NCT04721015,Antibody Drug Conjugate (ADC)
NCT04721015,Small Molecule
NCT04721015,Small Molecule
NCT04709731,Small Molecule
NCT04688983,Small Molecule
NCT04688983,Antibody
NCT04688983,Small Molecule
NCT04471974,Small Molecule
NCT04471974,Small Molecule
NCT04471974,Antibody
NCT04640246,Cell Therapy
NCT04942730,Small Molecule
NCT04942730,Small Molecule
NCT04942730,Small Molecule
NCT04942730,Small Molecule
NCT04942730,Small Molecule
NCT04942730,Small Molecule
NCT04943757,Small Molecule
NCT04890392,Antibody
NCT04890392,Small Molecule
NCT04890392,Small Molecule
NCT05906615,Small Molecule
NCT04634071,Small Molecule
NCT04634071,Small Molecule
NCT04605185,Small Molecule
NCT04605185,Antibody
NCT05549778,Small Molecule
NCT05549778,Small Molecule
NCT04622566,Small Molecule
NCT04622566,Antibody
NCT04686383,Small Molecule
NCT04493060,Antibody
NCT04493060,Small Molecule
NCT04683354,Small Molecule
NCT05304754,Other Protein Therapy
NCT05304754,Cell Therapy
NCT04602689,Small Molecule
NCT04501094,Engineered Protein Therapy
NCT04225676,Chimeric Antigen Receptor T-Cell Therapy (CAR-T)
NCT04614636,Cell Therapy
NCT04614636,Small Molecule
NCT04614636,Small Molecule
NCT04614636,Antibody
NCT04614636,Antibody
NCT04604132,Small Molecule
NCT04604132,Small Molecule
NCT04604132,Antibody
NCT04592653,Other Protein Therapy
NCT04592653,Antibody
NCT04552769,Small Molecule
NCT04566380,Antibody
NCT04566380,Small Molecule
NCT04566380,Small Molecule
NCT04566380,Small Molecule
NCT04566380,Antibody
NCT04566380,Small Molecule
NCT04459663,Antibody
NCT04459663,Small Molecule
NCT04512417,Antibody
NCT04398108,Antibody
NCT04398108,Small Molecule
NCT04398108,Small Molecule
NCT04398108,Small Molecule
NCT04189107,Small Molecule
NCT04344158,Antibody
NCT04435197,Antibody
NCT05513612,Small Molecule
NCT05513612,Small Molecule
NCT04379739,Antibody
NCT06540937,Small Molecule
NCT04329949,Small Molecule
NCT04329949,Small Molecule
NCT04427774,Small Molecule
NCT04427774,Antibody
NCT04992988,Antibody
NCT04314089,Antibody
NCT04400383,Antibody
NCT04400383,Small Molecule
NCT04383977,Small Molecule
NCT04383977,Small Molecule
NCT04334174,Antibody Drug Conjugate (ADC)
NCT04275713,Small Molecule
NCT04275713,Small Molecule
NCT04426669,Small Molecule
NCT04426669,Small Molecule
NCT04426669,Small Molecule
NCT04426669,Other Protein Therapy
NCT04272957,Small Molecule
NCT04353102,Antibody
NCT04279561,Radiopharmaceutical Imaging
NCT04134884,Small Molecule
NCT04134884,Small Molecule
NCT04102020,Small Molecule
NCT04102020,Small Molecule
NCT03996473,Small Molecule
NCT03996473,Antibody
NCT04319263,Live biotherapeutics
NCT05999994,Antibody
NCT05999994,Small Molecule
NCT05999994,Small Molecule
NCT05999994,Small Molecule
NCT05999994,Small Molecule
NCT05999994,Small Molecule
NCT05999994,Small Molecule
NCT05999994,Small Molecule
NCT04192253,Small Molecule
NCT04192253,Small Molecule
NCT04187456,Small Molecule
NCT04187456,Small Molecule
NCT04193904,Small Molecule
NCT04187352,Antibody
NCT04187352,Small Molecule
NCT04187352,Small Molecule
NCT04200417,Small Molecule
NCT03935893,Other Protein Therapy
NCT03935893,Small Molecule
NCT03935893,Small Molecule
NCT04133337,Small Molecule
NCT04133337,Antibody
NCT03984448,Small Molecule
NCT03984448,Small Molecule
NCT03984448,Small Molecule
NCT03984448,Antibody
NCT03984448,Small Molecule
NCT04865289,Small Molecule
NCT04865289,Antibody
NCT04865289,Small Molecule
NCT04865289,Small Molecule
NCT04074187,Small Molecule
NCT04074187,Small Molecule
NCT04074187,Antibody
NCT03994796,Small Molecule
NCT03994796,Small Molecule
NCT03994796,Small Molecule
NCT03994796,Small Molecule
NCT03792763,Antibody
NCT04050462,Antibody
NCT04050462,Antibody
NCT04050462,Antibody
NCT04021368,Small Molecule
NCT04139772,Small Molecule
NCT04139772,Small Molecule
NCT04139772,Small Molecule
NCT04139772,Small Molecule
NCT04043494,Small Molecule
NCT04043494,Small Molecule
NCT04043494,Small Molecule
NCT04043494,Small Molecule
NCT04043494,Small Molecule
NCT04043494,Small Molecule
NCT04043494,Small Molecule
NCT04043494,Small Molecule
NCT04043494,Other Protein Therapy
NCT04043494,Small Molecule
NCT04043494,Small Molecule
NCT04043494,Small Molecule
NCT04043494,Small Molecule
NCT04043494,Small Molecule
NCT04439890,Small Molecule
NCT05585645,Other Protein Therapy
NCT03892018,Small Molecule
NCT03984097,Antibody
NCT03984097,Small Molecule
NCT03984097,Small Molecule
NCT03984097,Small Molecule
NCT03984097,Small Molecule
NCT03977194,Small Molecule
NCT03977194,Small Molecule
NCT03977194,Antibody
NCT03492671,Small Molecule
NCT03492671,Small Molecule
NCT04025593,Small Molecule
NCT04025593,Antibody
NCT04025593,Small Molecule
NCT04025593,Small Molecule
NCT04025593,Small Molecule
NCT04025593,Small Molecule
NCT04025593,Small Molecule
NCT04025593,Small Molecule
NCT04025593,Small Molecule
NCT03933735,Antibody
NCT04121507,Small Molecule
NCT04121507,Small Molecule
NCT03983759,Antibody
NCT03795597,Engineered Protein Therapy
NCT03795597,Small Molecule
NCT03795597,Small Molecule
NCT03930953,Small Molecule
NCT03930953,Antibody
NCT03930953,Antibody
NCT03930953,Antibody
NCT03930953,Small Molecule
NCT03910387,Small Molecule
NCT03910387,Small Molecule
NCT04356430,Small Molecule
NCT04356430,Small Molecule
NCT04356430,Small Molecule
NCT03924986,Antibody
NCT03924986,Small Molecule
NCT03924986,Small Molecule
NCT03818061,Antibody
NCT03818061,Antibody
NCT03802058,Small Molecule
NCT03802058,Small Molecule
NCT03764137,Antibody
NCT03754933,Gene Therapy
NCT03967938,Small Molecule
NCT03486197,Antibody
NCT03724968,Antibody
NCT03724968,Antibody
NCT03724968,Antibody
NCT03851237,Small Molecule
NCT05728632,Small Molecule
NCT03616886,Small Molecule
NCT03616886,Small Molecule
NCT03616886,Antibody
NCT03616886,Antibody
NCT03819465,Antibody
NCT03819465,Antisense Oligonucleotide (ASO)
NCT03819465,Antibody
NCT03819465,Antibody
NCT03819465,Small Molecule
NCT03819465,Small Molecule
NCT03819465,Small Molecule
NCT03819465,Small Molecule
NCT03819465,Small Molecule
NCT03819465,Antibody
NCT03755141,Antibody
NCT03596281,Antibody
NCT03596281,Antibody
NCT03596281,Small Molecule
NCT03579446,Small Molecule
NCT03579446,Small Molecule
NCT03579446,Small Molecule
NCT03663166,Small Molecule
NCT03663166,Small Molecule
NCT03663166,Small Molecule
NCT03663166,Small Molecule
NCT03663166,Small Molecule
NCT03663166,Antibody
NCT03663166,Antibody
NCT03513484,Small Molecule
NCT03513484,Small Molecule
NCT03664687,Small Molecule
NCT03706547,Chimeric Antigen Receptor T-Cell Therapy (CAR-T)
NCT03706547,Small Molecule
NCT03706547,Small Molecule
NCT03714490,Small Molecule
NCT03714490,Small Molecule
NCT03714490,Small Molecule
NCT03646461,Small Molecule
NCT03646461,Antibody
NCT03646461,Antibody
NCT03708328,Antibody
NCT03689699,Antibody
NCT03689699,Engineered Protein Therapy
NCT03689699,Antibody
NCT03715517,Small Molecule
NCT03715517,Small Molecule
NCT03715517,Small Molecule
NCT03715517,Small Molecule
NCT03011671,Small Molecule
NCT03011671,Small Molecule
NCT03707093,Antibody
NCT03090880,Small Molecule
NCT03457142,Engineered Protein Therapy
NCT03457142,Small Molecule
NCT03457142,Small Molecule
NCT03587038,Small Molecule
NCT03600467,Small Molecule
NCT03600467,Small Molecule
NCT03580928,Small Molecule
NCT03580928,Antibody
NCT03580928,Small Molecule
NCT03617003,Small Molecule
NCT03265717,Cancer Vaccine
NCT03600129,Small Molecule
NCT03600129,Small Molecule
NCT03363867,Antibody
NCT03363867,Antibody
NCT03363867,Small Molecule
NCT03574402,Small Molecule
NCT03574402,Small Molecule
NCT03574402,Small Molecule
NCT03574402,Small Molecule
NCT03574402,Small Molecule
NCT03574402,Small Molecule
NCT03574402,Antibody
NCT03574402,Small Molecule
NCT03574402,Small Molecule
NCT03574402,Antibody
NCT03574402,Small Molecule
NCT03574402,Small Molecule
NCT03516591,Antibody
NCT03535727,Small Molecule
NCT03535727,Small Molecule
NCT03535727,Small Molecule
NCT03535727,Small Molecule
NCT03535727,Small Molecule
NCT03410693,Small Molecule
NCT03410693,Small Molecule
NCT03410693,Small Molecule
NCT03410693,Small Molecule
NCT03533582,Small Molecule
NCT03533582,Small Molecule
NCT03533582,Small Molecule
NCT03533582,Small Molecule
NCT03533582,Small Molecule
NCT03533582,Small Molecule
NCT03533582,Small Molecule
NCT03533582,Small Molecule
NCT03533582,Small Molecule
NCT03473756,Small Molecule
NCT03473756,Antibody
NCT03544125,Antibody
NCT03544125,Small Molecule
NCT03245554,Small Molecule
NCT04263298,Small Molecule
NCT04263298,Small Molecule
NCT03341520,Antibody
NCT03464201,Small Molecule
NCT03239392,Engineered Protein Therapy
NCT03488225,Small Molecule
NCT03488225,Small Molecule
NCT03488225,Small Molecule
NCT03488225,Antibody Drug Conjugate (ADC)
NCT03488225,Small Molecule
NCT03488225,Small Molecule
NCT03488225,Antibody
NCT03488225,Small Molecule
NCT03488225,Antibody
NCT03407300,Small Molecule
NCT03395873,Small Molecule
NCT03395873,Antibody
NCT03390062,Small Molecule
NCT03164772,Antibody
NCT03164772,Antibody
NCT03164772,Cancer Vaccine
NCT03231176,Small Molecule
NCT03231176,Small Molecule
NCT03315364,Small Molecule
NCT03298893,Antibody
NCT03298893,Small Molecule
NCT03362723,Small Molecule
NCT03352947,Small Molecule
NCT03352947,Small Molecule
NCT03427242,Small Molecule
NCT02570958,Imaging
NCT03222609,Small Molecule
NCT03222609,Small Molecule
NCT03106779,Small Molecule
NCT03106779,Small Molecule
NCT02760953,Small Molecule
NCT03233347,Antibody Drug Conjugate (ADC)
NCT03233347,Small Molecule
NCT03233347,Small Molecule
NCT03233347,Antibody
NCT03233347,Small Molecule
NCT03168100,Antibody
NCT03168100,Small Molecule
NCT03168100,Small Molecule
NCT03168100,Small Molecule
NCT03256071,Small Molecule
NCT03256071,Small Molecule
NCT03256071,Small Molecule
NCT03256071,Small Molecule
NCT03256071,Small Molecule
NCT03288493,Small Molecule
NCT03045653,Small Molecule
NCT03280264,Small Molecule
NCT03194932,Small Molecule
NCT03194932,Small Molecule
NCT03194932,Small Molecule
NCT03194932,Small Molecule
NCT03950141,Small Molecule
NCT03950141,Small Molecule
NCT03042416,Radiopharmaceutical Imaging
NCT03229200,Small Molecule
NCT03085069,Antibody
NCT02567422,Small Molecule
NCT02567422,Small Molecule
NCT06390839,Small Molecule
NCT03020030,Other Protein Therapy
NCT03020030,Other Protein Therapy
NCT03020030,Small Molecule
NCT03020030,Small Molecule
NCT03020030,Small Molecule
NCT03020030,Small Molecule
NCT03020030,Small Molecule
NCT03020030,Small Molecule
NCT03020030,Small Molecule
NCT03020030,Small Molecule
NCT03020030,Small Molecule
NCT03020030,Small Molecule
NCT03020030,Small Molecule
NCT03020030,Small Molecule
NCT03052127,Radiopharmaceutical
NCT02216578,Small Molecule
NCT02782546,Small Molecule
NCT02782546,Small Molecule
NCT02782546,Other Protein Therapy
NCT02782546,Engineered Protein Therapy
NCT02935205,Small Molecule
NCT02935205,Small Molecule
NCT03096184,Small Molecule
NCT02970539,Small Molecule
NCT02970539,Small Molecule
NCT02970539,Small Molecule
NCT02970539,Antibody
NCT02962063,Antibody
NCT02962063,Small Molecule
NCT02962063,Small Molecule
NCT02962063,Antibody
NCT03027739,Chimeric Antigen Receptor T-Cell Therapy (CAR-T)
NCT02810990,Small Molecule
NCT02873598,Small Molecule
NCT02873598,Small Molecule
NCT02921919,Small Molecule
NCT02940886,Small Molecule
NCT02921893,Small Molecule
NCT02921893,Small Molecule
NCT02921893,Small Molecule
NCT02946021,Imaging
NCT02873975,Small Molecule
NCT02829840,Small Molecule
NCT02829840,Small Molecule
NCT03070548,Small Molecule
NCT02903914,Small Molecule
NCT02903914,Antibody
NCT02880371,Small Molecule
NCT02880371,Antibody
NCT02768792,Antibody
NCT02693067,Small Molecule
NCT02886897,Small Molecule
NCT02924753,Small Molecule
NCT02924753,Small Molecule
NCT02924753,Cell Therapy
NCT02724878,Antibody
NCT02724878,Antibody
NCT02725489,Antibody
NCT02808442,Chimeric Antigen Receptor T-Cell Therapy (CAR-T)
NCT02787369,Small Molecule
NCT02787369,Small Molecule
NCT02787369,Small Molecule
NCT04439123,Small Molecule
NCT01821833,Small Molecule
NCT02780310,Small Molecule
NCT02692248,Small Molecule
NCT02692248,Antibody
NCT02692248,Small Molecule
NCT02692248,Small Molecule
NCT02692248,Small Molecule
NCT02697058,Small Molecule
NCT02688712,Small Molecule
NCT02688712,Small Molecule
NCT02688712,Small Molecule
NCT02680574,Other Protein Therapy
NCT03564704,Small Molecule
NCT03564704,Small Molecule
NCT03564704,Small Molecule
NCT03564704,Small Molecule
NCT03564704,Other Protein Therapy
NCT03564704,Small Molecule
NCT03564704,Small Molecule
NCT03564704,Small Molecule
NCT03564704,Small Molecule
NCT03564704,Small Molecule
NCT02460367,Small Molecule
NCT02460367,Cancer Vaccine
NCT02460367,Small Molecule
NCT02621970,Small Molecule
NCT02621970,Small Molecule
NCT02621970,Small Molecule
NCT02671955,Antibody
NCT02523469,Engineered Protein Therapy
NCT02523469,Antibody
NCT02459067,Chimeric Antigen Receptor Gamma Delta (Î³Î´) T-Cell Therapy (CAR-Î³Î´T)
NCT02634827,Small Molecule
NCT02634827,Small Molecule
NCT02622932,Small Molecule
NCT02384382,Small Molecule
NCT02496741,Small Molecule
NCT02496741,Small Molecule
NCT02549352,Small Molecule
NCT02608216,Small Molecule
NCT02608216,Small Molecule
NCT02608216,Small Molecule
NCT02501902,Small Molecule
NCT02501902,Small Molecule
NCT02494713,Engineered Protein Therapy
NCT02494713,Small Molecule
NCT02494713,Small Molecule
NCT02494713,Small Molecule
NCT02494713,Small Molecule
NCT02514603,Small Molecule
NCT02574533,Small Molecule
NCT02574533,Antibody
NCT02648711,Antibody
NCT02752204,Small Molecule
NCT02752204,Antibody
NCT02308072,Small Molecule
NCT02308072,Small Molecule
NCT02166658,Small Molecule
NCT02514382,Small Molecule
NCT02514382,Small Molecule
NCT02514382,Oncolytic Virus
NCT02367040,Small Molecule
NCT02367040,Antibody
NCT02383966,Antibody
NCT02383966,Small Molecule
NCT02383966,Small Molecule
NCT02383966,Small Molecule
NCT02496208,Antibody
NCT02496208,Antibody
NCT02420223,Small Molecule
NCT02436408,Small Molecule
NCT02497378,Antibody
NCT02497378,Small Molecule
NCT02497378,Small Molecule
NCT02482311,Small Molecule
NCT02438358,Imaging
NCT02489903,Small Molecule
NCT02489903,Small Molecule
NCT02489903,Small Molecule
NCT02489903,Small Molecule
NCT02489903,Small Molecule
NCT02489903,Small Molecule
NCT02489903,Small Molecule
NCT02489903,Small Molecule
NCT02489903,Small Molecule
NCT02489903,Small Molecule
NCT02489903,Small Molecule
NCT02489903,Small Molecule
NCT02207309,Small Molecule
NCT03757754,Small Molecule
NCT03757754,Imaging
NCT02394795,Small Molecule
NCT02394795,Small Molecule
NCT02394795,Antibody
NCT02394795,Antibody
NCT04440956,Radiopharmaceutical Imaging
NCT02292550,Small Molecule
NCT02292550,Small Molecule
NCT02314169,Antibody
NCT02314169,Antibody
NCT02291055,Oncolytic Bacteria
NCT02291055,Antibody
NCT02353741,Small Molecule
NCT02530411,Small Molecule
NCT02530411,Small Molecule
NCT02866370,Small Molecule
NCT02866370,Small Molecule
NCT02866370,Small Molecule
NCT02866370,Small Molecule
NCT02866370,Small Molecule
NCT02866370,Small Molecule
NCT02437227,Small Molecule
NCT02322281,Small Molecule
NCT02322281,Small Molecule
NCT02322281,Small Molecule
NCT02322281,Small Molecule
NCT02322281,Small Molecule
NCT02517918,Small Molecule
NCT02517918,Small Molecule
NCT02517918,Small Molecule
NCT02517918,Small Molecule
NCT02616601,Small Molecule
NCT03862170,Small Molecule
NCT02276560,Small Molecule
NCT02276560,Small Molecule
NCT02276560,Small Molecule
NCT02276560,Small Molecule
NCT02314052,Small Interfering RNA (siRNA)
NCT02254954,Small Molecule
NCT02254954,Small Molecule
NCT02391038,Antibody Drug Conjugate (ADC)
NCT02298387,Antibody
NCT02285179,Small Molecule
NCT02285179,Small Molecule
NCT03012945,Small Molecule
NCT03012945,Small Molecule
NCT03012945,Small Molecule
NCT03012945,Small Molecule
NCT03012945,Small Molecule
NCT02274337,Small Molecule
NCT02231723,Small Molecule
NCT02231723,Small Molecule
NCT02231723,Small Molecule
NCT02231723,Small Molecule
NCT02231723,Small Molecule
NCT02231723,Small Molecule
NCT02361112,Small Molecule
NCT02361112,Small Molecule
NCT02029417,Small Molecule
NCT02029417,Small Molecule
NCT02029417,Small Molecule
NCT02115035,Small Molecule
NCT02128191,Small Molecule
NCT02128191,Small Molecule
NCT02194426,Engineered Protein Therapy
NCT01880359,Small Molecule
NCT01880359,Small Molecule
NCT02195869,Small Molecule
NCT02101684,Small Molecule
NCT02119468,Small Molecule
NCT02119468,Small Molecule
NCT02119468,Small Molecule
NCT02252146,Antisense Oligonucleotide (ASO)
NCT02059239,Small Molecule
NCT02059239,Small Molecule
NCT02059239,Small Molecule
NCT02059239,Small Molecule
NCT02059239,Small Molecule
NCT02059239,Antibody
NCT02059239,Antibody
NCT01802814,Antibody
NCT01943188,Small Molecule
NCT02069093,Small Molecule
NCT02069093,Small Molecule
NCT02069093,Small Molecule
NCT02111577,Small Molecule
NCT02111577,Small Molecule
NCT02111577,Cancer Vaccine
NCT02038010,Small Molecule
NCT02038010,Antibody Drug Conjugate (ADC)
NCT02071537,Small Molecule
NCT02071537,Small Molecule
NCT02071537,Small Molecule
NCT02058381,Small Molecule
NCT02058381,Small Molecule
NCT05008237,Small Molecule
NCT05008237,Small Molecule
NCT01991873,Antibody
NCT02065869,T-Cell Replacement Therapy
NCT02065869,Small Molecule
NCT02146118,Small Molecule
NCT02117167,Small Molecule
NCT02117167,Small Molecule
NCT02117167,Small Molecule
NCT02117167,Small Molecule
NCT02117167,Small Molecule
NCT02117167,Small Molecule
NCT02117167,Small Molecule
NCT02117167,Antibody
NCT02117167,Small Molecule
NCT02117167,Small Molecule
NCT02697552,Small Molecule
NCT02159365,Antibody
NCT02159365,Small Molecule
NCT02159365,Small Molecule
NCT01895842,Small Molecule
NCT02041429,Small Molecule
NCT02041429,Small Molecule
NCT02076230,Radiopharmaceutical Imaging
NCT02076230,Small Molecule
NCT02089178,Small Molecule
NCT02089178,Small Molecule
NCT02089178,Small Molecule
NCT03977103,Small Molecule
NCT02027090,Small Molecule
NCT01397799,Small Molecule
NCT01588951,Small Molecule
NCT01659502,Small Molecule
NCT01987102,Small Molecule
NCT02001272,Small Molecule
NCT02001272,Small Molecule
NCT01969695,Small Molecule
NCT01974349,Small Molecule
NCT01866449,Small Molecule
NCT01976195,Small Molecule
NCT01976195,Small Molecule
NCT01989845,Small Molecule
NCT01848132,Small Molecule
NCT01848132,Antibody
NCT01848132,Small Molecule
NCT01848132,Small Molecule
NCT01848132,Small Molecule
NCT01848132,Small Molecule
NCT01864772,Small Molecule
NCT01864772,Small Molecule
NCT01864772,Antibody
NCT01820325,Small Molecule
NCT01820325,Small Molecule
NCT01820325,Small Molecule
NCT02083692,Small Molecule
NCT01816594,Small Molecule
NCT01816594,Antibody
NCT01816594,Small Molecule
NCT01932580,Small Molecule
NCT01932580,Small Molecule
NCT01932580,Small Molecule
NCT01795430,Small Molecule
NCT01795430,Small Molecule
NCT01795430,Small Molecule
NCT01795430,Small Molecule
NCT01849380,Small Molecule
NCT01849380,Small Molecule
NCT01849250,Small Molecule
NCT01867866,Small Molecule
NCT01867866,Small Molecule
NCT01846416,Antibody
NCT04635852,Small Molecule
NCT04635852,Small Molecule
NCT01630564,Other Protein Therapy
NCT01805037,Antibody Drug Conjugate (ADC)
NCT01805037,Antibody
NCT01790737,Small Molecule
NCT01790737,Other Protein Therapy
NCT01859819,Antibody
NCT01859819,Small Molecule
NCT01738451,Small Molecule
NCT01740271,Small Molecule
NCT01729338,Small Molecule
NCT01729338,Small Molecule
NCT01729338,Small Molecule
NCT01763606,Small Molecule
NCT01659021,Small Molecule
NCT01659021,Antibody
NCT01764880,Small Molecule
NCT02724267,Radiopharmaceutical Imaging
NCT01680965,Antibody
NCT01585350,Vaccine Adjuvant
NCT01585350,Small Molecule
NCT01671774,Antibody
NCT01671774,Small Molecule
NCT01633060,Small Molecule
NCT01633060,Small Molecule
NCT01617226,Small Molecule
NCT01617226,Small Molecule
NCT01746992,Small Molecule
NCT01746992,Small Molecule
NCT01746992,Small Molecule
NCT01746992,Small Molecule
NCT01746992,Small Molecule
NCT01746992,Small Molecule
NCT01746992,Small Molecule
NCT01746992,Small Molecule
NCT01728623,Small Molecule
NCT01663415,Small Molecule
NCT01634880,Antibody
NCT01929980,Small Molecule
NCT01607580,Small Molecule
NCT01693445,Small Molecule
NCT01693445,Small Molecule
NCT01693445,Small Molecule
NCT01531387,Small Molecule
NCT01583816,Small Molecule
NCT01596647,Small Molecule
NCT01596647,Small Molecule
NCT01596647,Small Molecule
NCT01570868,Small Molecule
NCT01655719,Small Molecule
NCT01572662,Small Molecule
NCT01572662,Small Molecule
NCT01572662,Small Molecule
NCT01572662,Other Protein Therapy
NCT01334502,Antibody
NCT01334502,Small Molecule
NCT01334502,Small Molecule
NCT01334502,Small Molecule
NCT01516996,Small Molecule
NCT01516996,Small Molecule
NCT01516996,Antibody
NCT01554254,Small Molecule
NCT01886066,Imaging
NCT01876043,Small Molecule
NCT01542437,Small Molecule
NCT01620736,Small Molecule
NCT01428492,Small Molecule
NCT01428492,Small Molecule
NCT01428492,Small Molecule
NCT01469572,Engineered Protein Therapy
NCT01469572,Small Molecule
NCT01481129,Small Molecule
NCT01510756,Small Molecule
NCT01468389,Small Molecule
NCT01339442,Small Molecule
NCT01339442,Small Molecule
NCT03117335,Small Molecule
NCT03117335,Small Molecule
NCT01460979,Small Molecule
NCT01431664,Small Molecule
NCT01394120,Small Molecule
NCT01394120,Small Molecule
NCT01394120,Small Molecule
NCT01429051,Small Molecule
NCT02043756,Small Molecule
NCT00816959,Antibody
NCT01232296,Small Molecule
NCT01232296,Small Molecule
NCT01384253,Antibody Radiopharmaceutical
NCT01384253,Antibody
NCT01362374,Small Molecule
NCT01362374,Small Molecule
NCT01362374,Small Molecule
NCT01362374,Small Molecule
NCT01362374,Small Molecule
NCT01362374,Small Molecule
NCT01430013,Small Molecule
NCT01430013,Small Molecule
NCT01430013,Small Molecule
NCT01430013,Small Molecule
NCT01430013,Small Molecule
NCT01328496,Small Molecule
NCT01328496,Small Molecule
NCT01328496,Small Molecule
NCT01328496,Small Molecule
NCT01328496,Other Protein Therapy
NCT01382706,Small Molecule
NCT01639625,Engineered Protein Therapy
NCT01074177,Small Molecule
NCT01191697,Antibody
NCT01191697,Antibody
NCT01191697,Small Molecule
NCT01191697,Small Molecule
NCT01320020,Antibody
NCT01409499,Small Molecule
NCT01558947,Small Molecule
NCT01558947,Small Molecule
NCT01558947,Small Molecule
NCT01251172,Small Molecule
NCT01251172,Small Molecule
NCT01260506,Gene Therapy
NCT01260506,Antibody
NCT01308645,Small Molecule
NCT05167370,Small Molecule
NCT05167370,Small Molecule
NCT05167370,Small Molecule
NCT01238770,Small Molecule
NCT01238770,Small Molecule
NCT01242449,Antibody
NCT01242449,Small Molecule
NCT01222754,Small Molecule
NCT01222754,Small Molecule
NCT01217437,Antibody
NCT01217437,Small Molecule
NCT01217437,Small Molecule
NCT01195376,Small Molecule
NCT01240577,Small Molecule
NCT01226407,Small Molecule
NCT01271920,Small Molecule
NCT01271920,Antibody
NCT01370876,Small Molecule
NCT01370876,Small Molecule
NCT02225652,Small Molecule
NCT02225652,Small Molecule
NCT02225652,Small Molecule
NCT02225652,Other Protein Therapy
NCT02225652,Small Molecule
NCT02817555,Other Protein Therapy
NCT02817555,Other Protein Therapy
NCT01270724,Small Molecule
NCT01270724,Small Molecule
NCT01270724,Small Molecule
NCT01718379,Small Molecule
NCT01718379,Other Protein Therapy
NCT00829413,Small Molecule
NCT01091454,Small Molecule
NCT01091454,Small Molecule
NCT01138163,Small Molecule
NCT01138163,Antibody
NCT01146574,Engineered Protein Therapy
NCT01159028,DNA Oligonucleotide Therapy
NCT01208194,Gene Therapy
NCT01323933,Antibody
NCT01369121,Other Protein Therapy
NCT01094860,Small Molecule
NCT01209208,Small Molecule
NCT01209208,Small Molecule
NCT01110785,Antibody
NCT01110785,Small Molecule
NCT01077453,Small Molecule
NCT01118975,Small Molecule
NCT01118975,Small Molecule
NCT01042522,Small Molecule
NCT01042522,Small Molecule
NCT01042522,Small Molecule
NCT01042522,Small Molecule
NCT01024920,Small Molecule
NCT01024920,Small Molecule
NCT01059552,Small Molecule
NCT01183494,Antibody
NCT01183494,Small Molecule
NCT01183494,Small Molecule
NCT01013740,Small Molecule
NCT01013740,Small Molecule
NCT01013740,Small Molecule
NCT01019382,Small Molecule
NCT00788697,Small Molecule
NCT00982436,Small Molecule
NCT00982436,Small Molecule
NCT00982436,Small Molecule
NCT01160484,Small Molecule
NCT01160484,Small Molecule
NCT01160484,Small Molecule
NCT00952289,Small Molecule
NCT00838513,Antibody
NCT00927589,Small Molecule
NCT00927589,Small Molecule
NCT00927589,Antibody
NCT00933374,Small Molecule
NCT00933374,Small Molecule
NCT00961896,Small Molecule
NCT00962507,Small Molecule
NCT00962507,Small Molecule
NCT05278728,Antibody
NCT05278728,Small Molecule
NCT00918723,Small Molecule
NCT00918723,Antibody
NCT00918723,Small Molecule
NCT00940784,Small Molecule
NCT00940784,Small Molecule
NCT00940784,Small Molecule
NCT01528501,Small Molecule
NCT00807170,Small Molecule
NCT00911326,Imaging
NCT01449344,Antibody
NCT01449344,Small Molecule
NCT01449344,Small Molecule
NCT01449344,Small Molecule
NCT00833040,Small Molecule
NCT00868478,Antibody
NCT01729663,Live biotherapeutics
NCT01729663,Other Protein Therapy
NCT00858429,Small Molecule
NCT00723398,Small Molecule
NCT00723398,Small Molecule
NCT00866177,Small Molecule
NCT00931450,Small Molecule
NCT01775423,Small Molecule
NCT00821886,Small Molecule
NCT00821886,Antibody
NCT00821886,Small Molecule
NCT00832819,Small Molecule
NCT00832819,Small Molecule
NCT00832819,Small Molecule
NCT00846508,Small Molecule
NCT01227408,Small Molecule
NCT01227408,Small Molecule
NCT01227408,Small Molecule
NCT01227408,Small Molecule
NCT01227408,Small Molecule
NCT00923247,Small Molecule
NCT00923247,Small Molecule
NCT00841555,Small Molecule
NCT00850785,Small Molecule
NCT00850785,Cancer Vaccine
NCT00807872,Antibody
NCT00828841,Antibody
NCT00828841,Small Molecule
NCT00828841,Small Molecule
NCT00828841,Small Molecule
NCT00828841,Small Molecule
NCT00832520,Small Molecule
NCT00729833,Antibody
NCT00729833,Small Molecule
NCT00860600,Small Molecule
NCT00882973,Small Molecule
NCT01198392,Small Molecule
NCT01198392,Small Molecule
NCT01198392,Small Molecule
NCT00750841,Small Molecule
NCT00750841,Small Molecule
NCT00733850,Herbal/Traditional Chinese Medicine
NCT00733850,Small Molecule
NCT00764517,Small Molecule
NCT00764517,Antibody
NCT00764517,Small Molecule
NCT00786812,Small Molecule
NCT00669565,Antibody
NCT00669565,Small Molecule
NCT00669565,Small Molecule
NCT00738764,Antibody
NCT00906360,Antibody
NCT00722293,Small Molecule
NCT00722293,Small Molecule
NCT00722293,Small Molecule
NCT00684996,Antibody
NCT00684996,Antibody
NCT00691054,Small Molecule
NCT00698009,Small Molecule
NCT00698009,Small Molecule
NCT00698009,Small Molecule
NCT00702494,Antibody
NCT00715793,Small Molecule
NCT00715793,Small Molecule
NCT01922492,Small Molecule
NCT01922492,Small Molecule
NCT00666081,Small Molecule
NCT00677144,Small Molecule
NCT00677144,Small Molecule
NCT00677144,Small Molecule
NCT00634894,Small Molecule
NCT01442909,Small Molecule
NCT01442909,Small Molecule
NCT00615589,Small Molecule
NCT00615589,Small Molecule
NCT00624182,Subunit Vaccine
NCT00624182,Small Molecule
NCT00602030,Small Molecule
NCT00602030,Small Molecule
NCT00761085,Small Molecule
NCT00761085,Small Molecule
NCT00357760,Small Molecule
NCT00573755,Small Molecule
NCT00573755,Small Molecule
NCT00573755,Small Molecule
NCT00585845,Oncolytic Bacteria
NCT00613743,Small Molecule
NCT00467051,Small Molecule
NCT00467051,Other Protein Therapy
NCT00467051,Small Molecule
NCT00467051,Small Molecule
NCT00431704,Small Molecule
NCT00431704,Small Molecule
NCT00431704,Antibody
NCT00471445,Small Molecule
NCT00471445,Small Molecule
NCT00502307,Small Molecule
NCT00557609,Small Molecule
NCT00526799,Small Molecule
NCT00526799,Small Molecule
NCT00527930,Small Molecule
NCT00527930,Small Molecule
NCT00531401,Small Molecule
NCT00954135,Small Molecule
NCT00954135,Small Molecule
NCT00954135,Small Molecule
NCT00471276,Small Molecule
NCT01268163,Small Molecule
NCT01706627,Small Molecule
NCT00565656,Antibody
NCT00372905,Antibody
NCT00372905,Small Molecule
NCT00372905,Antibody Drug Conjugate (ADC)
NCT00429182,Small Molecule
NCT00429182,Small Molecule
NCT00429182,Small Molecule
NCT00469859,Small Molecule
NCT00469859,Small Molecule
NCT00469859,Small Molecule
NCT00474669,Small Molecule
NCT00498407,Small Molecule
NCT00653848,Small Molecule
NCT00466843,Other Protein Therapy
NCT00466843,Small Molecule
NCT00568815,Antibody
NCT00568815,Small Molecule
NCT00568815,Small Molecule
NCT00568815,Small Molecule
NCT00568815,Small Molecule
NCT00598091,Small Molecule
NCT00598091,Small Molecule
NCT00620295,Small Molecule
NCT00620295,Small Molecule
NCT00444535,Small Molecule
NCT00444535,Antibody
NCT00085098,Other Protein Therapy
NCT00085098,Small Molecule
NCT00085098,Small Molecule
NCT00085098,Small Molecule
NCT00085098,Small Molecule
NCT00406302,Small Molecule
NCT00406302,Small Molecule
NCT00406302,Antibody
NCT00434330,Engineered Protein Therapy
NCT00434330,Other Protein Therapy
NCT00434330,Other Protein Therapy
NCT00733889,Antibody
NCT00733889,Small Molecule
NCT00733889,Small Molecule
NCT00733889,Small Molecule
NCT00382733,Small Molecule
NCT00398281,Small Molecule
NCT00551512,Engineered Protein Therapy
NCT00551512,Small Molecule
NCT00625937,Small Molecule
NCT00625937,Small Molecule
NCT00625937,Small Molecule
NCT00411138,Small Molecule
NCT00411138,Small Molecule
NCT00411138,Small Molecule
NCT00373373,Small Molecule
NCT00418093,Small Molecule
NCT00418093,Small Molecule
NCT00418093,Antibody
NCT00368121,Antibody
NCT00368121,Small Molecule
NCT00463073,Antibody
NCT00463073,Antibody
NCT00463073,Small Molecule
NCT00743067,Small Molecule
NCT00345163,Antibody
NCT00345163,Small Molecule
NCT00381875,Subunit Vaccine
NCT00381875,Vaccine Adjuvant
NCT00381875,Other Protein Therapy
NCT00330915,Small Molecule
NCT00336856,Antibody
NCT00336856,Small Molecule
NCT00387205,Small Molecule
NCT00387205,Small Molecule
NCT00307723,Antibody
NCT00307723,Small Molecule
NCT00307723,Small Molecule
NCT00307723,Small Molecule
NCT00316875,Small Molecule
NCT00352755,Small Molecule
NCT00319748,Small Molecule
NCT00454324,Small Molecule
NCT00454324,Small Molecule
NCT00508807,Small Molecule
NCT01087424,Small Molecule
NCT01087424,Antibody
NCT01087424,Small Molecule
NCT01087424,Small Molecule
NCT01087424,Small Molecule
NCT00321100,Antibody
NCT00321100,Antibody
NCT00321100,Small Molecule
NCT00321100,Small Molecule
NCT00319839,Small Molecule
NCT00319839,Antibody
NCT00420485,Small Molecule
NCT00446290,Small Molecule
NCT00446290,Small Molecule
NCT00446290,Small Molecule
NCT00458796,Small Molecule
NCT00406978,Small Molecule
NCT00406978,Small Molecule
NCT00406978,Small Molecule
NCT00406978,Gene Therapy
NCT00303953,Small Molecule
NCT00543231,DNA Oligonucleotide Therapy
NCT00861419,Small Molecule
NCT00861419,Engineered Protein Therapy
NCT00861419,Small Molecule
NCT00861419,Antibody
NCT00174369,Small Molecule
NCT00237575,Small Molecule
NCT00237575,Small Molecule
NCT00237575,Other Protein Therapy
NCT00237575,Other Protein Therapy
NCT01058538,Cytokine Fusion Protein (Immunocytokine)
NCT03362684,Antibody
NCT00240682,Antibody
NCT00310050,Small Molecule
NCT02013817,Antibody
NCT02013817,Small Molecule
NCT02013817,Small Molecule
NCT00121225,Small Molecule
NCT00247507,Small Molecule
NCT00248404,Small Molecule
NCT00250419,Cancer Vaccine
NCT00288925,Small Molecule
NCT00376740,Small Molecule
NCT00532285,Small Molecule
NCT00532285,Small Molecule
NCT00129571,Small Molecule
NCT00207077,Antibody
NCT00207077,Small Molecule
NCT00361088,Small Molecule
NCT00361088,Small Molecule
NCT02182050,Small Molecule
NCT00100945,Small Molecule
NCT00138177,Small Molecule
NCT00138177,Small Molecule
NCT00138177,Small Molecule
NCT00176748,Small Molecule
NCT00196820,Small Molecule
NCT00271804,Small Molecule
NCT00398554,Small Molecule
NCT00398554,Small Molecule
NCT00398554,Small Molecule
NCT00544986,Small Molecule
NCT00217711,Small Molecule
NCT00217711,Small Molecule
NCT00217711,Small Molecule
NCT00295971,Other Protein Therapy
NCT00295971,Small Molecule
NCT00083083,Small Molecule
NCT00083083,Small Molecule
NCT00083083,Small Molecule
NCT00083083,Small Molecule
NCT00083083,Small Molecule
NCT00083083,Radiopharmaceutical Imaging
NCT00101270,Small Molecule
NCT00101270,Small Molecule
NCT00106262,Small Molecule
NCT00106262,Small Molecule
NCT00121602,Other Protein Therapy
NCT00191854,Small Molecule
NCT00191854,Small Molecule
NCT00191854,Small Molecule
NCT00191854,Small Molecule
NCT00142415,Antibody
NCT00806923,Small Molecule
NCT00806923,Small Molecule
NCT00806923,Antibody
NCT00147901,Antibody
NCT00147901,Small Molecule
NCT00147901,Small Molecule
NCT00874978,Small Molecule
NCT00216437,Small Molecule
NCT00041262,Small Molecule
NCT00041262,Small Molecule
NCT00096135,Other Protein Therapy
NCT00096135,Small Molecule
NCT00096135,Small Molecule
NCT00096135,Small Molecule
NCT00096135,Small Molecule
NCT00096135,Small Molecule
NCT00096135,Small Molecule
NCT00096135,Other Protein Therapy
NCT00096135,Small Molecule
NCT00155259,Small Molecule
NCT00155259,Small Molecule
NCT00155259,Small Molecule
NCT00088556,Small Molecule
NCT00088556,Small Molecule
NCT00093730,Small Molecule
NCT00076102,Small Molecule
NCT00227682,Small Molecule
NCT00227682,Small Molecule
NCT00227682,Small Molecule
NCT00085462,Other Protein Therapy
NCT00085462,Other Protein Therapy
NCT00085462,Small Molecule
NCT00245089,Small Molecule
NCT00245089,Small Molecule
NCT02461121,Small Molecule
NCT02461121,Small Molecule
NCT02461121,Small Molecule
NCT02461121,Small Molecule
NCT02461121,Other Protein Therapy
NCT02461121,Small Molecule
NCT00159445,Small Molecule
NCT00159445,Small Molecule
NCT00080990,Small Molecule
NCT00080990,Small Molecule
NCT00080990,Small Molecule
NCT00072670,Small Molecule
NCT00077025,Small Molecule
NCT00077025,Small Molecule
NCT00077493,Antibody
NCT00077493,Antibody Drug Conjugate (ADC)
NCT00191477,Small Molecule
NCT00426101,Small Molecule
NCT00426101,Small Molecule
NCT00426101,Small Molecule
NCT00426101,Small Molecule
NCT00426101,Small Molecule
NCT02494596,Small Molecule
NCT02494596,Antibody
NCT00226798,Small Molecule
NCT00617968,Small Molecule
NCT00069160,Small Molecule
NCT00069160,Small Molecule
NCT00086931,Small Molecule
NCT00086931,Small Molecule
NCT00504660,Small Molecule
NCT00504660,Small Molecule
NCT00504660,Small Molecule
NCT00504660,Small Molecule
NCT00504660,Small Molecule
NCT00489983,Small Molecule
NCT00489983,Small Molecule
NCT00061958,Small Molecule
NCT00319618,Small Molecule
NCT00319618,Small Molecule
NCT00168727,Antibody Drug Conjugate (ADC)
NCT00060645,Small Molecule
NCT00126269,Small Molecule
NCT00126269,Small Molecule
NCT00488709,Small Molecule
NCT00488709,Small Molecule
NCT00488709,Small Molecule
NCT01085058,Other Protein Therapy
NCT00193479,Small Molecule
NCT00193479,Small Molecule
NCT00193479,Small Molecule
NCT00193479,Small Molecule
NCT00193479,Antibody
NCT00431561,Antisense Oligonucleotide (ASO)
NCT00431561,Small Molecule
NCT00431561,Small Molecule
NCT00431561,Small Molecule
NCT00431561,Small Molecule
NCT00060567,Small Molecule
NCT00060567,Small Molecule
NCT00071955,Other Protein Therapy
NCT00122499,Small Molecule
NCT00334295,Small Molecule
NCT00058006,Small Molecule
NCT00047242,Small Molecule
NCT00047242,Small Molecule
NCT00448643,Small Molecule
NCT00448643,Small Molecule
NCT00448643,Small Molecule
NCT00044525,Small Molecule
NCT00256230,Small Molecule
NCT00328549,Small Molecule
NCT00024310,Small Molecule
NCT00024310,Small Molecule
NCT00030069,Small Molecule
NCT00030069,Small Molecule
NCT00050843,Small Molecule
NCT00041808,Small Molecule
NCT00403624,Small Molecule
NCT00586898,Other Protein Therapy
NCT00586898,Small Molecule
NCT00586898,Small Molecule
NCT00586898,Small Molecule
NCT00014118,Small Molecule
NCT00014118,Small Molecule
NCT00027742,Other Protein Therapy
NCT00027742,Small Molecule
NCT00211198,Toxin Fusion Protein (Immunotoxin)
NCT00014690,Small Molecule
NCT00550784,Other Protein Therapy
NCT00550784,Small Molecule
NCT00550784,Small Molecule
NCT00550784,Small Molecule
NCT00550784,Small Molecule
NCT00006257,Small Molecule
NCT00006257,Small Molecule
NCT00006484,Small Molecule
NCT00006484,Small Molecule
NCT00006484,Small Molecule
NCT00004208,Small Molecule
NCT00008294,Small Molecule
NCT00008294,Small Molecule
NCT00008294,Small Molecule
NCT00008294,Small Molecule
NCT00006107,Small Molecule
NCT00005841,Vaccine Adjuvant
NCT00006122,Small Molecule
NCT00006122,Small Molecule
NCT00006122,Antibody Drug Conjugate (ADC)
NCT00006122,Small Molecule
NCT00006120,Small Molecule
NCT00006120,Small Molecule
NCT00015821,Small Molecule
NCT00005858,Antibody
NCT01122121,Small Molecule
NCT01663714,Small Molecule
NCT01663714,Small Molecule
NCT01663714,Antibody
NCT01225874,Other Protein Therapy
NCT01225874,Small Molecule
NCT01225874,Small Molecule
NCT01225874,Small Molecule
NCT01225874,Other Protein Therapy
NCT01225874,Small Molecule
NCT00004172,Other Protein Therapy
NCT00004172,Small Molecule
NCT00004172,Small Molecule
NCT00004172,Small Molecule
NCT00004172,Small Molecule
NCT00004173,Small Molecule
NCT00004173,Small Molecule
NCT00003810,Small Molecule
NCT00563862,Small Molecule
NCT00563862,Small Molecule
NCT00004158,Small Molecule
NCT00003645,Small Molecule
NCT00003779,Live biotherapeutics
NCT00003664,Other Protein Therapy
NCT00003664,Other Protein Therapy
NCT00003664,Small Molecule
NCT00003682,Small Molecule
NCT00004202,Small Molecule
NCT00004202,Small Molecule
NCT00004202,Small Molecule
NCT00003463,Small Molecule
NCT00003463,Small Molecule
NCT00003239,Other Protein Therapy
NCT00003239,Small Molecule
NCT00003239,Small Molecule
NCT00003210,Other Protein Therapy
NCT00003193,Small Molecule
NCT00003193,Small Molecule
NCT00003357,Engineered Protein Therapy
NCT00003128,Other Protein Therapy
NCT00003128,Small Molecule
NCT00003128,Small Molecule
NCT00004162,Other Protein Therapy
NCT00004162,Small Molecule
NCT00004162,Small Molecule
NCT00001626,Other Protein Therapy
NCT00001626,Small Molecule
NCT00001626,Small Molecule
NCT00003261,Small Molecule
NCT00019214,Other Protein Therapy
NCT00154726,Small Molecule
NCT00002990,Live biotherapeutics
NCT00003495,Small Molecule
NCT00003495,Small Molecule
NCT00001449,Small Molecule
NCT00001449,Small Molecule
NCT00002865,Other Protein Therapy
NCT00002865,Small Molecule
NCT00002865,Small Molecule
NCT00002865,Small Molecule
NCT00002865,Small Molecule
NCT00002865,Small Molecule
NCT00002865,Small Molecule
NCT00002865,Small Molecule
NCT00002865,Small Molecule
NCT00869284,Small Molecule
NCT00869284,Small Molecule
NCT00869284,Small Molecule
NCT00869284,Small Molecule
NCT00869284,Small Molecule
NCT00869284,Small Molecule
NCT00869284,Small Molecule
NCT00869284,Small Molecule
NCT00002551,Small Molecule
NCT00003364,Small Molecule
NCT00003364,Small Molecule
NCT00003364,Small Molecule
NCT00002844,Small Molecule
NCT00002456,Small Molecule
NCT00002456,Small Molecule
NCT00000660,Small Molecule
NCT00002003,Small Molecule
NCT00041691,Antibody Radiopharmaceutical
NCT00365755,Small Molecule
NCT00365755,Small Molecule
NCT00365755,Small Molecule
NCT00365755,Small Molecule
NCT00365755,Small Molecule
NCT01410708,Small Molecule
