nct_id,drug_name
NCT06669572,Pembrolizumab
NCT06669572,Lenvatinib
NCT06883552,Tislelizumab
NCT06366490,Innocell
NCT06835387,Irinotecan Sucrosofate
NCT06835387,Dexamethasone
NCT06835387,5-HT3 Receptor Antagonist
NCT06835387,Oxaliplatin
NCT06835387,Fluorouracil
NCT06835387,Folinic acid
NCT06896188,Retifanlimab
NCT06896188,Oxaliplatin
NCT06896188,Folinic acid
NCT06896188,Irinotecan
NCT06896188,Fluorouracil
NCT06896188,Elraglusib
NCT06822972,Selinexor
NCT06906562,Pemigatinib
NCT06906562,Computed Tomography Colonography
NCT06906562,Magnetic Resonance Imaging
NCT06328036,Atezolizumab
NCT06328036,Biospecimen Collection
NCT06328036,Magnetic Resonance Imaging
NCT06328036,Surgical Procedure
NCT06328036,Tiragolumab
NCT06066138,Atezolizumab
NCT06908031,Radiation Therapy
NCT06908031,Iparomlimab
NCT06908031,mFOLFOX6
NCT06908031,Cetuximab
NCT06908031,Bevacizumab
NCT06908031,Resection
NCT06912152,Fludarabine
NCT06912152,Cyclophosphamide
NCT06912152,MT-027
NCT05903833,Pembrolizumab
NCT05903833,Lenvatinib
NCT06364267,Tamoxifen
NCT06364267,Exemestane
NCT06508931,Zamtocabtagene autoleucel
NCT06517017,Isatuximab
NCT06517017,Dexamethasone
NCT06517017,Lenalidomide
NCT06887803,Roginolisib
NCT06887803,Ruxolitinib
NCT06882746,BI 765049
NCT06682637,Melphalan flufenamide
NCT06682637,Dexamethasone
NCT06914128,PH020
NCT06728072,Metronidazole
NCT06728072,Ciprofloxacin
NCT06728072,Aspirin
NCT06834672,IBI 354
NCT06834672,Paclitaxel
NCT06834672,Gemcitabine
NCT06834672,Pegylated liposomal doxorubicin
NCT06856200,Sirolimus
NCT06856200,Palbociclib
NCT06856200,Fulvestrant
NCT06560879,Lactobacillus rhamnosus
NCT06560879,Bifidobacterium bifidum
NCT06560879,Placebo Control
NCT06801730,irinotecan liposomal
NCT06801730,Bevacizumab
NCT06851247,Toripalimab
NCT06851247,Catequentinib
NCT06851247,Gemcitabine
NCT06851247,Cisplatin
NCT06851247,Intensity-Modulated Radiation Therapy
NCT06352866,Siltuximab
NCT06352866,Teclistamab
NCT06744894,Selinexor
NCT06744894,Ixazomib
NCT06744894,Lenalidomide
NCT06772428,Megestrol acetate
NCT06772428,Radiation Therapy
NCT06772428,Chemotherapy
NCT06720324,Fludarabine
NCT06720324,Cyclophosphamide
NCT06720324,Anti-CD7 CAR T-cells
NCT06735131,Toripalimab
NCT06735131,Radiation Therapy
NCT06735131,Chemotherapy
NCT06735131,Nab-paclitaxel
NCT06735131,Gemcitabine
NCT06735131,Carboplatin
NCT06730932,Tifcemalimab
NCT06730932,Toripalimab
NCT06667908,Hafnium oxide
NCT06667908,Durvalumab
NCT06667908,Intensity-Modulated Radiation Therapy
NCT06667908,Carboplatin
NCT06667908,Paclitaxel
NCT06700395,TQB2029
NCT06749886,Denosumab
NCT06749886,Tislelizumab
NCT06749886,Docetaxel
NCT06171685,Teclistamab
NCT06171685,Investigational New Drug
NCT06682611,SYHA-1813
NCT06682611,SG 001
NCT06682611,HB 1801
NCT06682611,Carboplatin
NCT06682611,Cisplatin
NCT06682611,Paclitaxel
NCT06682611,Etoposide
NCT06682611,Everolimus
NCT06682611,Regorafenib
NCT06647563,Toripalimab
NCT06647563,Cetuximab
NCT06647563,Nab-paclitaxel
NCT06647563,Carboplatin
NCT06647563,Cisplatin
NCT06647563,Radiation Therapy
NCT06673693,Tislelizumab
NCT06673693,Stereotactic Body Radiation Therapy
NCT06217536,Lurbinectedin
NCT06217536,Radiation Therapy
NCT06217536,Surgery
NCT06613152,HS-IT201
NCT06490536,Oxaliplatin
NCT06490536,Capecitabine
NCT06490536,Folinic acid
NCT06490536,Fluorouracil
NCT06490536,Temozolomide
NCT06490536,Irinotecan
NCT06490536,Nivolumab
NCT06490536,Ipilimumab
NCT06490536,Trastuzumab
NCT06490536,Pertuzumab
NCT06490536,Panitumumab
NCT06253637,Daratumumab
NCT06578286,JNJ-0683
NCT06519370,FDA018-ADC
NCT06519370,Eribulin
NCT06519370,Capecitabine
NCT06519370,Gemcitabine
NCT06519370,Vinorelbine
NCT06261814,Sulfur Hexafluoride Lipid Microspheres
NCT06261814,Contrast-Enhanced Ultrasound
NCT06261814,Transarterial Chemoembolization
NCT06416410,Glecirasib
NCT06416410,Tislelizumab
NCT06416410,JAB 3312
NCT06416410,Pemetrexed
NCT06416410,Carboplatin
NCT06549595,AZD0486
NCT06549595,Rituximab
NCT06549595,Cyclophosphamide
NCT06549595,Doxorubicin
NCT06549595,Vincristine
NCT06549595,Prednisone
NCT06549595,Bendamustine
NCT06509568,Nab-paclitaxel
NCT06509568,Carboplatin
NCT06509568,Toripalimab
NCT06509568,Esophagectomy
NCT06509568,Intensity-Modulated Radiation Therapy
NCT06509568,Volume Modulated Arc Therapy
NCT06509568,Immunotherapy
NCT06080165,Sirolimus
NCT06080165,Placebo Control
NCT06525948,Recombinant Human Thrombopoietin
NCT06525948,Cyclosporin
NCT06444412,Computed Tomography
NCT06444412,Gallium Ga-68 gozetotide
NCT06444412,Positron Emission Tomography
NCT06562920,Adebrelimab
NCT06562920,Chemotherapy
NCT06562920,Stereotactic Body Radiation Therapy
NCT06562920,Surgical Procedure
NCT06260033,Biospecimen Collection
NCT06260033,Bone Scan
NCT06260033,Computed Tomography
NCT06260033,18F-fluoroestradiol
NCT06260033,Positron Emission Tomography
NCT06260033,Questionnaire Administration
NCT06260033,Stereotactic Body Radiation Therapy
NCT05901194,Lenvatinib
NCT06734182,Envafolimab
NCT06734182,Disitamab vedotin
NCT06734182,Carboplatin
NCT06422156,Stereotactic Body Radiation Therapy
NCT06422156,Nimotuzumab
NCT06422156,Gemcitabine
NCT06422156,Gimeracil/oteracil/tegafur
NCT06422156,Capecitabine
NCT06881537,Capecitabine
NCT06881537,Oxaliplatin
NCT06881537,Bevacizumab
NCT06881537,Tislelizumab
NCT06332430,Immunogenic Cell Death Inducer CAN2109
NCT06402383,Human papillomavirus vaccine
NCT06408194,Anti-CD22 CAR T Cells Preparation
NCT06408194,Tisagenlecleucel
NCT06408194,Lymphodepletion Therapy
NCT06428682,Tranexamic Acid
NCT06428682,Placebo Control
NCT06300320,Rovadicitinib
NCT06255379,Fruquintinib
NCT06255379,Gimeracil/oteracil/tegafur
NCT06358638,Daratumumab
NCT06358638,Alemtuzumab
NCT06358638,Sirolimus
NCT06358638,Total-Body Irradiation
NCT06494514,Eculizumab
NCT06494514,Oxaliplatin
NCT06494514,Fluorouracil
NCT06494514,FU-LV Regimen
NCT06494514,PDCD1 wt Allele
NCT06494514,Stereotactic Body Radiation Therapy
NCT06494514,Gemcitabine
NCT06494514,Nab-paclitaxel
NCT06271551,Transdermal Estrogen
NCT06271551,Resistance Training
NCT06297226,Arlocabtagene autoleucel
NCT06432296,M 701
NCT06432296,Paracentesis
NCT06099366,Vincristine
NCT06099366,Asparaginase
NCT06099366,Dexamethasone
NCT06099366,Cytarabine Intrathecal Regimen
NCT06099366,Intrathecal Methotrexate/Methotrexate/Pegaspargase/Vincristine Regimen
NCT06099366,Mercaptopurine
NCT06099366,Methotrexate Intrathecal Regimen
NCT06099366,Cyclophosphamide
NCT06099366,Cytarabine
NCT06099366,Methotrexate
NCT06099366,Doxorubicin
NCT05679921,Pembrolizumab
NCT05679921,Pazopanib
NCT05735028,Centipeda minima Decoction
NCT05735028,PD-1/PD-L1 inhibitor
NCT06329999,Mitoxantrone liposomal
NCT06329999,Cytarabine
NCT06329999,Filgrastim
NCT06329999,Vincristine
NCT06329999,Hematopoietic Cell Transplantation
NCT06208462,Adebrelimab
NCT06208462,Lenvatinib
NCT06208462,Gemcitabine
NCT06208462,Oxaliplatin
NCT05967182,Pembrolizumab
NCT05967182,Gemcitabine
NCT05967182,Cisplatin
NCT06440811,SOX
NCT06440811,PD-1 Inhibitor
NCT06440811,FLOT
NCT05567770,Actinium Ac 225 Rosopatamab Tetraxetan
NCT05567770,Stereotactic Body Radiation Therapy
NCT06077760,V 940
NCT06077760,Pembrolizumab
NCT06077760,Placebo Control
NCT06132438,PEP-CMV Vaccine
NCT05995041,CLL-1/CD33/CD38/CD123-specific universal CAR- T cells (Shenzhen Geno-Immune Medical Institute)
NCT06017323,Gemcitabine
NCT06017323,Nab-paclitaxel
NCT06017323,Proglumide
NCT06109207,Camrelizumab
NCT06109207,Dalpiciclib
NCT06081595,Fuzuloparib
NCT06081595,Rivoceranib
NCT06109064,Venetoclax
NCT06109064,Decitabine
NCT06109064,Azacitidine
NCT06008119,Tunlametinib
NCT06008119,Vemurafenib
NCT06008119,Bevacizumab
NCT06008119,Cetuximab
NCT06321887,Ferrous fumarate
NCT05863195,Bevacizumab
NCT05863195,Cetuximab
NCT05863195,Computed Tomography
NCT05863195,Floxuridine
NCT05863195,Fluorouracil
NCT05863195,Ganciclovir
NCT05863195,Intrahepatic Infusion Procedure
NCT05863195,Irinotecan
NCT05863195,Folinic acid
NCT05863195,Oxaliplatin
NCT05863195,Panitumumab
NCT05863195,Single Photon Emission Computed Tomography
NCT05318469,Ivermectin
NCT05318469,Balstilimab
NCT06080893,Ferric carboxymaltose
NCT05888844,INCB 099280
NCT06092957,Cisplatin
NCT06092957,Camrelizumab
NCT06092957,Toripalimab
NCT06092957,Adebrelimab
NCT06092957,Intensity-Modulated Radiation Therapy
NCT06045689,Luspatercept
NCT05786573,Obexelimab
NCT06057168,Gadopiclenol
NCT06057168,Gadoterate-meglumine
NCT06015568,MCLA-129
NCT06015568,Befotertinib
NCT06020833,Roxadustat
NCT06020833,Tretinoin
NCT06809426,[177Lu]-LNC1011
NCT03529448,Dronabinol
NCT03529448,Temozolomide
NCT03529448,Radiation Therapy
NCT05907304,Naporafenib
NCT05907304,Trametinib
NCT05918250,MRNA 2736
NCT05453396,Loncastuximab tesirine
NCT05553041,18F-Fluciclovine
NCT05553041,Positron Emission Tomography and Magnetic Resonance Imaging
NCT05553041,Magnetic Resonance Imaging
NCT06041425,Oxycodone
NCT06041425,Transarterial Chemoembolization
NCT06041425,Sufentanil
NCT05770531,Biospecimen Collection
NCT05770531,Computed Tomography
NCT05770531,Magnetic Resonance Imaging
NCT05770531,Sacituzumab govitecan
NCT06007846,memantine hydrochloride
NCT05954312,VVD-130037
NCT05777278,Savolitinib
NCT05777278,Docetaxel
NCT05850234,GC 012F
NCT05687110,Biopsy
NCT05687110,Biospecimen Collection
NCT05687110,Diagnostic Imaging
NCT05687110,novobiocin sodium
NCT05961696,Mosunetuzumab
NCT05751265,Tislelizumab
NCT05751265,Fluorouracil
NCT05751265,Paclitaxel
NCT05443425,Colestyramine
NCT05443425,Leflunomide
NCT05443425,Steroid Therapy
NCT05812807,Pembrolizumab
NCT05812807,Patient Observation
NCT05812807,Biopsy
NCT05812807,Biospecimen Collection
NCT05812807,Questionnaire Administration
NCT05926960,Encorafenib
NCT05926960,Binimetinib
NCT05926960,Pembrolizumab
NCT05926960,Ipilimumab
NCT05926960,Nivolumab
NCT05443464,OSSM 001
NCT05894837,Serplulimab
NCT05894837,Regorafenib
NCT05894837,Intrahepatic Infusion Procedure
NCT05400902,Oxaliplatin
NCT05400902,Folinic acid
NCT05400902,Fluorouracil
NCT05400902,Sintilimab
NCT05400902,Bevacizumab
NCT05885464,BEAM 201
NCT05976997,Duvelisib
NCT05976997,Chidamide
NCT05716516,Estradiol
NCT05139056,Neural Stem Cells-expressing CRAd-S-pk7
NCT05139056,Resection
NCT05848999,UCLM-802
NCT05843448,IO102 IO103
NCT05843448,Pembrolizumab
NCT05701709,SHR A2102
NCT05371054,Venetoclax
NCT05371054,Enitociclib
NCT05371054,Prednisone
NCT05754801,Coriolus Versicolor Extract
NCT05754801,Placebo Control
NCT05744921,Pozelimab
NCT05744921,Cemdisiran
NCT05661591,SHR-2554
NCT05661591,Fluconazole
NCT05715398,BR 790
NCT05715398,Catequentinib
NCT05675813,Cyclophosphamide
NCT05675813,Doxorubicin
NCT05675813,Vincristine
NCT05675813,Prednisone
NCT05675813,Azacitidine
NCT05675813,Selinexor
NCT05675813,Duvelisib
NCT05675813,Tislelizumab
NCT05675813,Chidamide
NCT05716113,RD 13
NCT05784870,Traditional Chinese Medicine Formulation
NCT05784870,Ferrous succinate
NCT05722795,Imatinib
NCT05870995,Cladribine
NCT05870995,Cytarabine
NCT05870995,Etoposide
NCT05870995,Venetoclax
NCT05870995,Fludarabine
NCT05870995,Busulfan
NCT05870995,Melphalan
NCT05870995,Total Marrow Irradiation
NCT05679258,Daratumumab
NCT05603559,Lutetium Lu 177 Vipivotide Tetraxetan
NCT05603559,Lutetium Lu-177 PNT2002
NCT05608785,Fidasimtamab
NCT05608785,Oxaliplatin
NCT05608785,Capecitabine
NCT05608785,Osemitamab
NCT05608785,Benmelstobart
NCT05608785,Catequentinib
NCT05668767,Surufatinib
NCT05668767,Durvalumab
NCT05668767,Etoposide
NCT05668767,Cisplatin
NCT05668767,Carboplatin
NCT05669807,Camrelizumab
NCT05669807,Nab-paclitaxel
NCT05669807,Irinotecan
NCT05990998,Gallium 68-DOTATATE
NCT05990998,68Ga-FAPI-46
NCT05990998,Positron Emission Tomography and Computed Tomography Scan
NCT06350838,BCG Regimen
NCT05198843,Dasatinib
NCT05198843,Icosapent Ethyl
NCT05208762,PF-08046054
NCT05208762,Pembrolizumab
NCT05425862,Pidnarulex
NCT05425862,Talazoparib
NCT04892277,Autologous Anti-CD19 CAR-expressing T-lymphocytes IC19/1563
NCT04892277,Bendamustine
NCT04892277,Biospecimen Collection
NCT04892277,Bone Marrow Aspiration
NCT04892277,Bone Marrow Biopsy
NCT04892277,Computed Tomography
NCT04892277,Cyclophosphamide
NCT04892277,Fludarabine
NCT04892277,Magnetic Resonance Imaging
NCT04892277,Positron Emission Tomography
NCT05521412,[161 Tb]Tb PSMA I&T
NCT05489731,TAS 119
NCT05489731,osimertinib mesylate
NCT05285358,Cisplatin
NCT05285358,Gemcitabine
NCT05285358,Nab-paclitaxel
NCT05285358,Questionnaire Administration
NCT05322135,BAY 949392
NCT05322135,Carbon C 11 Glutamine
NCT05496231,Human papillomavirus vaccine
NCT05496231,"Human Papillomavirus 9-valent Vaccine, Recombinant"
NCT05779514,Mirabegron
NCT05111574,Biospecimen Collection
NCT05111574,cabozantinib s-malate
NCT05111574,Computed Tomography
NCT05111574,Echocardiography
NCT05111574,Magnetic Resonance Imaging
NCT05111574,Nivolumab
NCT05111574,Placebo Administration
NCT05111574,Positron Emission Tomography
NCT05491512,18F-Fluoromisonidazole
NCT05491512,Radiation Therapy
NCT05491512,Cisplatin
NCT05491512,Carboplatin
NCT05491512,Fluorouracil
NCT05491512,Paclitaxel
NCT06469138,Bemcentinib
NCT05463601,Mecapegfilgrastim
NCT05463601,Dalpiciclib
NCT05463601,Exemestane
NCT05463601,Fulvestrant
NCT05463601,Letrozole
NCT05463601,Tamoxifen
NCT05406466,Tislelizumab
NCT05406466,Lenvatinib
NCT05406466,Cryosurgery
NCT05465343,Furmonertinib
NCT05480865,BBP 398
NCT05480865,Sotorasib
NCT04978727,SVN53-67-M57-KLH peptide vaccine
NCT04978727,Sargramostim
NCT04978727,Incomplete Freund's adjuvant
NCT04978727,Radiation Therapy
NCT05186545,Surufatinib
NCT05186545,Fulvestrant
NCT05186545,Chidamide
NCT05381038,Azacitidine
NCT05381038,Docetaxel
NCT05381038,Paclitaxel
NCT05381038,Irinotecan
NCT05429398,Linperlisib
NCT05429398,Camrelizumab
NCT05362409,Aminolevulinic acid
NCT05362409,CV01-delivered ultrasound
NCT04655391,bosutinib monohydrate
NCT04655391,Decitabine
NCT04655391,enasidenib mesylate
NCT04655391,gilteritinib fumarate
NCT04655391,glasdegib maleate
NCT04655391,Ivosidenib
NCT04655391,Venetoclax
NCT05600309,Favezelimab
NCT05600309,Pembrolizumab
NCT05600309,Regorafenib
NCT05600309,Tipiracil/trifluridine
NCT05085054,osimertinib mesylate
NCT05085054,Salvage Surgery
NCT05389293,Mosunetuzumab
NCT05389293,Zanubrutinib
NCT05393804,Idecabtagene vicleucel
NCT05393804,Ciltacabtagene autoleucel
NCT05393804,Leukapheresis
NCT05393804,Lymphodepletion Therapy
NCT05393804,Chimeric Antigen Receptor T-Cell Therapy
NCT05479812,WTX-124
NCT05479812,Pembrolizumab
NCT05055063,Belantamab mafodotin
NCT05263999,Itolizumab
NCT05263999,Placebo
NCT05135715,Disitamab vedotin
NCT05198934,Sotorasib
NCT05198934,Panitumumab
NCT05198934,Trifluridine
NCT05198934,Tipiracil/trifluridine
NCT05198934,Regorafenib
NCT05397184,Chimeric Antigen Receptor T-Cell Therapy
NCT05327582,Durvalumab
NCT05327582,Lenvatinib
NCT05327582,Nab-paclitaxel
NCT05317325,Vaccine Therapy
NCT05317325,Tumor antigen-pulsed DC vaccine - Sichuan University
NCT04826016,Balixafortide
NCT04826016,Eribulin
NCT04826016,Nab-paclitaxel
NCT05315700,ORIC 114
NCT05024305,TWP-102
NCT05081193,Testosterone undecanoate
NCT05081193,Enzalutamide
NCT05231850,Tislelizumab
NCT05296772,Denenicokin
NCT05296772,Exenokine-21
NCT05296772,Pembrolizumab
NCT05302921,Cryoablation
NCT05302921,Nivolumab
NCT05302921,Ipilimumab
NCT05636566,Sevoflurane
NCT05636566,Propofol
NCT05636566,Dexmedetomidine
NCT05204628,XZP-3621
NCT05204628,Crizotinib
NCT04119830,Pembrolizumab
NCT04119830,Questionnaire Administration
NCT04119830,Rintatolimod
NCT04591028,Indocyanine green
NCT05239182,Elraglusib
NCT05239182,Retifanlimab
NCT05239182,Gemcitabine
NCT05239182,Nab-paclitaxel
NCT04965077,MIL 97
NCT05305859,Venetoclax
NCT05305859,Chidamide
NCT05305859,Azacitidine
NCT05111366,Benmelstobart
NCT05111366,catequentinib hydrochloride
NCT04956276,Bis-choline Tetrathiomolybdate
NCT04956276,Placebo Control
NCT05796089,Thoracic Radiation Therapy
NCT05796089,Etoposide
NCT05796089,Carboplatin
NCT05796089,Cisplatin
NCT05796089,Durvalumab
NCT05183958,Stereotactic Body Radiation Therapy
NCT05183958,Normofractionated Radiotherapy
NCT05183958,Camrelizumab
NCT05183958,Chemotherapy
NCT05067283,MK-1084
NCT05067283,Pembrolizumab
NCT05067283,Carboplatin
NCT05067283,Pemetrexed
NCT05067283,Cetuximab
NCT05067283,Oxaliplatin
NCT05067283,Folinic acid
NCT05067283,Fluorouracil
NCT05078671,Olaparib
NCT05078671,Cobicistat
NCT05170334,Binimetinib
NCT05170334,Belinostat
NCT04372927,Cisplatin
NCT04372927,Durvalumab
NCT04372927,Etoposide
NCT04372927,Hypofractionated Radiation Therapy
NCT04372927,Pemetrexed
NCT05155189,C CAR 031
NCT05155189,Lenvatinib
NCT05155189,Anti-PD-L1 Monoclonal Antibody
NCT04837196,ASP 7517
NCT04837196,Pembrolizumab
NCT05114720,Moxifloxacin
NCT05114720,Docetaxel
NCT05114720,Nab-paclitaxel
NCT05114720,Cyclophosphamide
NCT05114720,Doxorubicin
NCT05114720,Placebo Control
NCT05001347,Uliledlimab
NCT04999540,Tucidinostat
NCT04999540,Fulvestrant
NCT05627778,Gallium Ga-68 gozetotide
NCT05627778,68Ga-P15-041
NCT04337177,Irinotecan
NCT04337177,Temozolomide
NCT04891809,Isatuximab
NCT04891809,Lenalidomide
NCT04891809,Dexamethasone
NCT05061537,PF-07263689
NCT05061537,Sasanlimab
NCT05083481,ASP1570
NCT05083481,Pembrolizumab
NCT05008224,Pembrolizumab
NCT05008224,Doxorubicin
NCT05008224,Vinblastine
NCT05008224,Dacarbazine
NCT05008224,Bleomycin
NCT05008224,Etoposide
NCT05008224,Cyclophosphamide
NCT05008224,Vincristine
NCT05008224,Procarbazine
NCT05008224,Prednisone
NCT04933903,Ipilimumab
NCT04933903,Nivolumab
NCT04933903,Stereotactic Body Radiation Therapy
NCT04982900,Furmonertinib
NCT04982900,Placebo Control
NCT04278651,Ferumoxytol
NCT04278651,Ferrous sulfate
NCT04985851,Durvalumab
NCT04985851,Catequentinib
NCT04003896,Abemaciclib
NCT05017012,Subcutaneous Pembrolizumab
NCT05017012,Pembrolizumab
NCT05017012,Pemetrexed
NCT05017012,Carboplatin
NCT05017012,Paclitaxel
NCT05017012,Nab-paclitaxel
NCT05017012,Axitinib
NCT05017012,Cisplatin
NCT05039931,GNC 035
NCT05002270,Glecirasib
NCT05002270,Cetuximab
NCT05103891,Binimetinib
NCT05078138,Epoetin alfa
NCT04826107,DP 303c
NCT04826107,PD-1/PD-L1 inhibitor
NCT04955886,Surufatinib
NCT04955886,Toripalimab
NCT04807166,Catequentinib
NCT04807166,Paclitaxel
NCT04807166,Carboplatin
NCT04877613,Fludarabine
NCT04877613,Cyclophosphamide
NCT04877613,Autologous Anti-GFRa4 CAR-TCR-zeta-4-1BB-expressing T-cells
NCT05075122,Pembrolizumab
NCT05075122,UV1 Telomerase Peptide Vaccine
NCT05075122,Sargramostim
NCT04517227,Durvalumab
NCT04517227,Transarterial Chemoembolization
NCT04517227,Ablation Therapy
NCT04924101,Pembrolizumab
NCT04924101,MK-4830
NCT04924101,Boserolimab
NCT04924101,Lenvatinib
NCT04924101,Etoposide
NCT04924101,Cisplatin
NCT04924101,Carboplatin
NCT04898634,Pasritamig
NCT04906395,leuprolide acetate
NCT04906395,Tamoxifen
NCT04906395,Letrozole
NCT04906395,Anastrozole
NCT04906395,Exemestane
NCT04937972,Retlirafusp alfa
NCT04937972,Fuzuloparib
NCT04946890,MRX-2843
NCT04961788,Toripalimab
NCT04961788,Oxaliplatin
NCT04961788,Gemcitabine
NCT04846920,Belzutifan
NCT04808570,TQ-B3525
NCT04717531,Pyrotinib
NCT04717531,Trastuzumab
NCT04717531,Pertuzumab
NCT04717531,Docetaxel
NCT04717531,Epirubicin
NCT04717531,Cyclophosphamide
NCT04878692,Cream Dosage Form
NCT04938297,Rituximab
NCT04938297,Lenalidomide
NCT04938297,Zanubrutinib
NCT04902885,Trilaciclib
NCT04902885,Carboplatin
NCT04902885,Etoposide
NCT04902885,Topotecan
NCT04902885,Placebo Control
NCT06669013,Dinutuximab beta
NCT04690595,Autologous BAFFR-targeting CAR T Cells
NCT05893654,Melphalan
NCT05893654,Brachytherapy
NCT04912765,Nivolumab
NCT04912765,Neoantigen-loaded Autologous Dendritic Cell Vaccine
NCT04511078,Panitumumab-IRDye800
NCT04868747,Lidocaine
NCT04868747,Gastrectomy
NCT04868747,Sodium chloride
NCT04954001,FCN 159
NCT04649476,Camrelizumab
NCT04649476,Docetaxel
NCT04649476,Cisplatin
NCT04649476,Fluorouracil
NCT04965155,Isatuximab
NCT04965155,Dexamethasone
NCT04731467,CM 24
NCT04731467,Nivolumab
NCT04731467,Nab-paclitaxel
NCT04731467,Gemcitabine
NCT04731467,Eculizumab
NCT04731467,Fluorouracil
NCT04731467,Liposome Vesicle
NCT04749394,Camrelizumab
NCT04749394,Rivoceranib
NCT04508309,Human papillomavirus 16/18 vaccine recombinant bivalent Xiamen Innovax
NCT04508309,"Human Papillomavirus 9-valent Vaccine, Recombinant"
NCT04923529,Tipiracil/trifluridine
NCT04721015,ABBV-637
NCT04721015,Docetaxel
NCT04721015,Osimertinib
NCT05143112,Allogeneic Anti-CD19 T-cells ThisCART19A
NCT04709731,Ponatinib
NCT04688983,Ponatinib
NCT04688983,Blinatumomab
NCT04688983,Imatinib
NCT04471974,ZEN 3694
NCT04471974,Enzalutamide
NCT04471974,Pembrolizumab
NCT04640246,TBX-3400
NCT04640246,Blood Transfusion
NCT04942730,Fludarabine
NCT04942730,bendamustine hydrochloride
NCT04942730,Busulfan
NCT04942730,Cyclophosphamide
NCT04942730,Mycophenolate mofetil
NCT04942730,Tacrolimus
NCT04943757,bendamustine hydrochloride
NCT04943757,Cyclophosphamides
NCT04890392,Tislelizumab
NCT04890392,Gimeracil/oteracil/tegafur
NCT04890392,Oxaliplatin
NCT04890392,Surgical Procedure
NCT05906615,Lidocaine
NCT04634071,Varenicline
NCT04634071,Bupropion
NCT04634071,Long-acting Nicotine Replacement Therapy
NCT04634071,Counseling
NCT04605185,Donafenib
NCT04605185,Toripalimab
NCT05549778,Polaprezinc
NCT05549778,Abiraterone
NCT04622566,Lenvatinib
NCT04622566,Pembrolizumab
NCT04622566,Surgical Procedure
NCT04686383,CAL056 mesylate
NCT04493060,Dostarlimab
NCT04493060,Niraparib
NCT04683354,Tunlametinib
NCT04650451,Chimeric Antigen Receptor T-Cell Therapy
NCT05304754,Interleukin-15
NCT05304754,NK cells stimulated ex vivo with IL-15
NCT05304754,Alloreactive NK cells - Instituto de InvestigaciÃ³n Hospital Universitario La Paz
NCT04532281,Anti-CD19 CAR T Cells Preparation
NCT04602689,Fibrinogen Human
NCT04602689,Aprotinin
NCT04602689,Thrombin
NCT04602689,Calcium Chloride
NCT04501094,Bintrafusp alfa
NCT04225676,Tisagenlecleucel
NCT04614636,FT538
NCT04614636,Cyclophosphamide
NCT04614636,Fludarabine
NCT04614636,Daratumumab
NCT04614636,Elotuzumab
NCT04604132,Derazantinib
NCT04604132,Paclitaxel
NCT04604132,Ramucirumab
NCT04592653,Nemvaleukin-alfa
NCT04592653,Pembrolizumab
NCT04552769,Abemaciclib
NCT04566380,Nivolumab
NCT04566380,Oxaliplatin
NCT04566380,Gimeracil/oteracil/tegafur
NCT04566380,Capecitabine
NCT04566380,Bevacizumab
NCT04566380,Temozolomide
NCT04459663,Toripalimab
NCT04459663,Axitinib
NCT04512417,Camrelizumab
NCT04512417,Radiation Therapy
NCT04398108,Margetuximab
NCT04398108,Capecitabine
NCT04398108,Vinorelbine
NCT04398108,Gemcitabine
NCT04189107,Dexamethasone
NCT04189107,Placebo Control
NCT04344158,Penpulimab
NCT04344158,catequentinib hydrochloride
NCT04344158,sorafenib tosylate
NCT04435197,Pembrolizumab
NCT05513612,Autologous CAR-T Cells
NCT05513612,Fludarabine
NCT05513612,Cyclophosphamide
NCT04493125,Mosapride
NCT04493125,Placebo Control
NCT04379739,Camrelizumab
NCT04469075,clindamycin phosphate
NCT04469075,triamcinolone acetonide
NCT04433221,Multiple sarcoma-specific CAR-T cells - Shenzhen Geno-Immune Medical Institute
NCT04433221,sarcoma vaccines - Shenzhen Geno-Immune Medical Institute
NCT06540937,Leflunomide
NCT04329949,Relacorilant
NCT04329949,Nab-paclitaxel
NCT04427774,Surufatinib
NCT04427774,Sintilimab
NCT04992988,Toripalimab
NCT04314089,GT-103
NCT04400383,AB 011
NCT04400383,Moxifloxacin
NCT04400383,Nab-paclitaxel
NCT04383977,Rivoceranib
NCT04383977,Etoposide
NCT04334174,Brentuximab vedotin
NCT04275713,Metformin
NCT04275713,Cisplatin
NCT04426669,Cyclophosphamide
NCT04426669,Mesna
NCT04426669,Fludarabine
NCT04426669,Tumor Infiltrating Lymphocyte
NCT04426669,Aldesleukin
NCT04272957,HMPL-306
NCT04186845,18F-rhPSMA 7.3 PET/CT Scan
NCT04353102,YH 002
NCT04279561,Computed Tomography
NCT04279561,Gallium Ga-68 gozetotide
NCT04279561,Positron Emission Tomography
NCT04134884,Talazoparib
NCT04134884,Cedazuridine/decitabine
NCT04102020,Venetoclax
NCT04102020,Azacitidine
NCT03996473,Radium 223 chloride
NCT03996473,Pembrolizumab
NCT04319263,BCG vaccine
NCT05999994,Ramucirumab
NCT05999994,Cyclophosphamide
NCT05999994,Vinorelbine
NCT05999994,Gemcitabine
NCT05999994,Docetaxel
NCT05999994,Abemaciclib
NCT05999994,Irinotecan
NCT05999994,Temozolomide
NCT04192253,Paclitaxel
NCT04192253,Carboplatin
NCT04187456,Savolitinib
NCT04187456,Midazolam
NCT04132050,fostamatinib disodium
NCT04132050,Placebo Control
NCT04193904,CJRB 102
NCT04193904,Hypofractionated Radiation Therapy
NCT04187352,Sugemalimab
NCT04187352,Fluorouracil
NCT04187352,Cisplatin
NCT04187352,Placebo Control
NCT04200417,Ethiodized oil
NCT04200417,Mitomycin
NCT04200417,Chemoembolization
NCT04200417,Tris-acryl Gelatin Microspheres
NCT03935893,Aldesleukin
NCT03935893,Tumor Infiltrating Lymphocyte
NCT03935893,Fludarabine
NCT03935893,Cyclophosphamide
NCT04133337,Rivoceranib
NCT04133337,Camrelizumab
NCT03984448,Biospecimen Collection
NCT03984448,Bone Marrow Biopsy
NCT03984448,Computed Tomography
NCT03984448,Cyclophosphamide
NCT03984448,doxorubicin hydrochloride
NCT03984448,Etoposide
NCT03984448,Lumbar Puncture
NCT03984448,Positron Emission Tomography
NCT03984448,Prednisone
NCT03984448,Rituximab
NCT03984448,Venetoclax
NCT03984448,vincristine sulfate
NCT04865289,Lenvatinib
NCT04865289,Pembrolizumab
NCT04865289,Paclitaxel
NCT04865289,Carboplatin
NCT04074187,Caplacizumab
NCT04074187,Plasmapheresis
NCT04074187,Methylprednisolone
NCT04074187,Prednisolone
NCT04074187,Rituximab
NCT03994796,Abemaciclib
NCT03994796,Paxalisib
NCT03994796,Entrectinib
NCT03994796,Adagrasib
NCT03857841,Dulbecco's Phosphate-Buffered Saline
NCT03792763,Denosumab
NCT03792763,Placebo Control
NCT04050462,Nivolumab
NCT04050462,Cabiralizumab
NCT04050462,HuMax IL8
NCT04021368,RVU 120
NCT04139772,Docetaxel
NCT04139772,Prednisone
NCT04139772,Abiraterone acetate
NCT04139772,Enzalutamide
NCT04043494,Cyclophosphamide
NCT04043494,Cytarabine
NCT04043494,Dexamethasone
NCT04043494,Daunorubicin
NCT04043494,Doxorubicin
NCT04043494,Ifosfamide
NCT04043494,Mercaptopurine
NCT04043494,Methotrexate
NCT04043494,Pegaspargase
NCT04043494,Prednisone
NCT04043494,Prednisolone
NCT04043494,Tioguanine
NCT04043494,Vincristine
NCT04043494,Vindesine
NCT04439890,catequentinib hydrochloride
NCT04439890,Carboplatin
NCT04439890,pemetrexed disodium
NCT04439890,Placebo Control
NCT05585645,Darbepoetin alfa
NCT03892018,Oral Paclitaxel + Encequidar - Hanmi
NCT03984097,Mezagitamab
NCT03984097,Lenalidomide
NCT03984097,Dexamethasone
NCT03984097,Bortezomib
NCT03984097,Pomalidomide
NCT03977194,Carboplatin
NCT03977194,Paclitaxel
NCT03977194,Atezolizumab
NCT03492671,Gemcitabine
NCT03492671,Nab-paclitaxel
NCT03492671,Stereotactic Body Radiation Therapy
NCT04025593,Cyclophosphamide
NCT04025593,Rituximab
NCT04025593,Doxorubicin
NCT04025593,Vincristine
NCT04025593,Prednisone
NCT04025593,Ibrutinib
NCT04025593,Lenalidomide
NCT04025593,Chidamide
NCT04025593,Decitabine
NCT03933735,Etentamig
NCT04121507,Emtricitabine
NCT04121507,Allogeneic Stem Cell Transplantation
NCT04121507,Bone Marrow Biopsy
NCT04121507,Calcium trisodium pentetate
NCT04121507,TC
NCT03983759,Sintilimab
NCT04045847,Autologous Anti-CD147 CAR T-cells
NCT03795597,Carfilzomib
NCT03795597,Busulfan
NCT03795597,Melphalan
NCT03930953,Golcadomide
NCT03930953,Rituximab
NCT03930953,Obinutuzumab
NCT03930953,Tafasitamab
NCT03930953,Valemetostat
NCT03910387,Gemcitabine
NCT03910387,Nab-paclitaxel
NCT03910387,telotristat ethyl
NCT04356430,Abiraterone acetate
NCT04356430,Laparoscopic Radical Prostatectomy with Robotics
NCT04356430,Prednisone
NCT04356430,Goserelin
NCT03924986,Tislelizumab
NCT03924986,Placebo Control
NCT03924986,Gemcitabine
NCT03924986,Cisplatin
NCT03818061,Atezolizumab
NCT03818061,Bevacizumab
NCT03802058,Nab-paclitaxel
NCT03802058,Carboplatin
NCT03802058,Thoracic Radiation Therapy
NCT03764137,Panitumumab
NCT03825744,eltrombopag olamine
NCT03825744,Placebo Control
NCT03825744,Best Practice
NCT03754933,Purine nucleoside phosphorylase
NCT03754933,fludarabine phosphate
NCT03967938,Olaparib
NCT03671811,Megestrol acetate
NCT03671811,Pterostilbene
NCT03486197,Laboratory Biomarker Analysis
NCT03486197,Pembrolizumab
NCT03486197,Radiation Therapy
NCT03724968,Nivolumab
NCT03724968,Relatlimab
NCT03724968,Ipilimumab
NCT03851237,Copper Cu 64-DOTA-ECL1i
NCT03851237,Calcium trisodium pentetate
NCT05728632,Nebivolol
NCT05728632,Placebo Control
NCT03616886,Paclitaxel
NCT03616886,Carboplatin
NCT03616886,Durvalumab
NCT03616886,Oleclumab
NCT03819465,Durvalumab
NCT03819465,Danvatirsen
NCT03819465,Oleclumab
NCT03819465,Volrustomig
NCT03819465,Pemetrexed
NCT03819465,Carboplatin
NCT03819465,Gemcitabine
NCT03819465,Cisplatin
NCT03819465,Nab-paclitaxel
NCT03819465,Rilvegostomig
NCT03755141,Trastuzumab
NCT03298945,Bowel Preparation
NCT03298945,Macrogol 3350-Based Iso-Osmotic Laxative
NCT03596281,Pembrolizumab
NCT03596281,Bevacizumab
NCT03596281,Pegylated liposomal doxorubicin
NCT03579446,Hydrocodone Measurement
NCT03579446,Hydromorphone
NCT03579446,Levorphanol Measurement
NCT03579446,Morphine
NCT03579446,Oxycodone
NCT03579446,Oxymorphone
NCT03579446,Questionnaire Administration
NCT03663166,Thoracic Radiation Therapy
NCT03663166,Cisplatin
NCT03663166,Etoposide
NCT03663166,Carboplatin
NCT03663166,Paclitaxel
NCT03663166,Pemetrexed
NCT03663166,Ipilimumab
NCT03663166,Nivolumab
NCT03513484,Azacitidine
NCT03513484,Laboratory Biomarker Analysis
NCT03513484,Nintedanib
NCT03664687,Zoledronic acid
NCT03706547,Anti-CD19/BCMA bispecific CAR-T cell therapy - Hrain Biotechnology
NCT03706547,Fludarabine
NCT03706547,Cyclophosphamide
NCT03714490,Hydrocortisone
NCT03714490,Capecitabine
NCT03714490,Chemoradiotherapy
NCT03714490,Oxaliplatin
NCT03714490,Surgical Procedure
NCT03646461,Ibrutinib
NCT03646461,Cetuximab
NCT03646461,Nivolumab
NCT03708328,RG7769
NCT03689699,Nivolumab
NCT03689699,Degarelix
NCT03689699,HuMax IL8
NCT03715517,Lidocaine
NCT03715517,Thoracic Epidural Analgesia
NCT03715517,Morphine
NCT03715517,Spinal Block
NCT03715517,Bupivacaine
NCT03715517,Hydromorphone
NCT03011671,Acetazolamide
NCT03011671,Temozolomide
NCT03707093,ADG 106
NCT03090880,Tinzaparin sodium
NCT03457142,Abatacept
NCT03457142,Dexamethasone
NCT03457142,Ixazomib citrate
NCT03457142,Laboratory Biomarker Analysis
NCT03587038,disufenton sodium
NCT03587038,Temozolomide
NCT03587038,Photon Beam Radiation Therapy
NCT03664895,leuprolide acetate
NCT03664895,goserelin acetate
NCT03600467,Seviteronel
NCT03600467,Dexamethasone
NCT03580928,Venetoclax
NCT03580928,Obinutuzumab
NCT03580928,Acalabrutinib
NCT03617003,Padeliporfin
NCT03617003,Endoscopic Procedure
NCT03265717,HTERT DNA vaccine Invectys
NCT03600129,Quadratus Lumborum Block
NCT03600129,Ropivacaine
NCT03600129,Sodium chloride
NCT03363867,Atezolizumab
NCT03363867,Bevacizumab
NCT03363867,Cobimetinib
NCT03574402,Abivertinib Maleate Anhydrous
NCT03574402,Afatinib
NCT03574402,Crizotinib
NCT03574402,Ensartinib
NCT03574402,Chidamide
NCT03574402,pyrotinib dimaleate
NCT03574402,Zorifertinib
NCT03574402,Pirotinib
NCT03574402,Nimotuzumab
NCT03574402,Pemetrexed
NCT03574402,Cisplatin
NCT03574402,Sintilimab
NCT03574402,Gemcitabine
NCT03574402,Carboplatin
NCT03516591,Vixtimotamab
NCT03535727,Nab-paclitaxel
NCT03535727,Gemcitabine
NCT03535727,Capecitabine
NCT03535727,Cisplatin
NCT03535727,Irinotecan
NCT03483675,Immunosuppressive Therapy
NCT03529266,Fibrin Sealant
NCT03529266,Surgical Procedure
NCT03410693,Rogaratinib
NCT03410693,Docetaxel
NCT03410693,Paclitaxel
NCT03410693,Vinflunine
NCT03533582,Carboplatin
NCT03533582,Cisplatin
NCT03533582,Doxorubicin
NCT03533582,Etoposide
NCT03533582,Fluorouracil
NCT03533582,Gemcitabine
NCT03533582,Irinotecan
NCT03533582,Laboratory Biomarker Analysis
NCT03533582,Oxaliplatin
NCT03533582,Resection
NCT03533582,Sorafenib
NCT03533582,vincristine sulfate
NCT03473756,Rogaratinib
NCT03473756,Atezolizumab
NCT03544125,Durvalumab
NCT03544125,Olaparib
NCT03245554,Propranolol
NCT04263298,Fulvestrant
NCT04263298,Capecitabine
NCT03341520,Obinutuzumab
NCT03341520,Low Dose Radiation Therapy
NCT03464201,Enzalutamide
NCT03239392,EQ 101
NCT03488225,Cyclophosphamide
NCT03488225,Cytarabine
NCT03488225,Dexamethasone
NCT03488225,doxorubicin hydrochloride
NCT03488225,Inotuzumab ozogamicin
NCT03488225,Laboratory Biomarker Analysis
NCT03488225,leucovorin calcium
NCT03488225,Mercaptopurine
NCT03488225,Methotrexate
NCT03488225,Ofatumumab
NCT03488225,Prednisone
NCT03488225,Rituximab
NCT03488225,vincristine sulfate
NCT03492931,Ticagrelor
NCT02876640,Biospecimen Collection
NCT02876640,Retinoid 9cUAB30
NCT02876640,Therapeutic Conventional Surgery
NCT03418168,Molidustat
NCT03402230,Broccoli Sprout/Broccoli Seed Extract Supplement
NCT03402230,Laboratory Biomarker Analysis
NCT03402230,Questionnaire Administration
NCT03407300,Docetaxel
NCT03395873,Decitabine
NCT03395873,Avelumab
NCT03390062,Rivoceranib
NCT03164772,Durvalumab
NCT03164772,Tremelimumab
NCT03164772,CV 9202
NCT03164772,Intradermal Route of Administration
NCT03231176,Varlitinib
NCT03231176,Capecitabine
NCT03315364,Paclitaxel
NCT03350477,Ablation Therapy
NCT03350477,Qilisheng Immunoregulatory Oral Solution
NCT03298893,Nivolumab
NCT03298893,Cisplatin
NCT03298893,Radiation Therapy
NCT03362723,RG7388
NCT03352947,Dabrafenib
NCT03352947,Trametinib
NCT03427242,Rivoceranib
NCT02570958,Indocyanine green
NCT02570958,Wedge Excision
NCT02570958,Lobectomy
NCT02570958,Segmentectomy
NCT03222609,Ruxolitinib
NCT03222609,Navitoclax
NCT03106779,Asciminib
NCT03106779,Bosutinib
NCT02760953,Cryosurgery
NCT02760953,Epirubicin
NCT03233347,Brentuximab vedotin
NCT03233347,Dacarbazine
NCT03233347,Doxorubicin
NCT03233347,Laboratory Biomarker Analysis
NCT03233347,Nivolumab
NCT03233347,Vinblastine
NCT03168100,Elotuzumab
NCT03168100,Lenalidomide
NCT03168100,Dexamethasone
NCT03168100,Bortezomib
NCT03256071,Decitabine
NCT03256071,Semustine
NCT03256071,Cytarabine
NCT03256071,Busulfan
NCT03256071,Cyclophosphamide
NCT03288493,Rimiducid
NCT03045653,Tamoxifen
NCT03280264,Evocalcet
NCT03194932,Venetoclax
NCT03194932,Cytarabine
NCT03194932,Idarubicin
NCT03194932,Triple Intrathecal Chemotherapy
NCT03194932,Azacitidine
NCT03950141,Rivoceranib
NCT03950141,Gimeracil/oteracil/tegafur
NCT03042416,Fluorodopa-F-18
NCT03229200,Ibrutinib
NCT03085069,Camrelizumab
NCT02567422,Berzosertib
NCT02567422,Cisplatin
NCT02567422,Computed Tomography
NCT02567422,Laboratory Biomarker Analysis
NCT02567422,Magnetic Resonance Imaging
NCT02567422,Positron Emission Tomography
NCT02567422,Radiation Therapy
NCT03167853,Anti-PD1 Monoclonal Antibody
NCT06390839,Biopsy
NCT06390839,Biospecimen Collection
NCT06390839,Computed Tomography
NCT06390839,Magnetic Resonance Imaging
NCT06390839,Palbociclib
NCT03020030,Pegaspargase
NCT03020030,Crisantaspase
NCT03020030,Cyclophosphamide
NCT03020030,Cytarabine
NCT03020030,Dasatinib
NCT03020030,Dexamethasone
NCT03020030,Dexrazoxane
NCT03020030,Doxorubicin
NCT03020030,Etoposide
NCT03020030,Hydrocortisone
NCT03020030,leucovorin calcium
NCT03020030,Mercaptopurine
NCT03020030,Methotrexate
NCT03020030,Nelarabine
NCT03020030,Vincristine
NCT03052127,Belzupacap sarotalocan
NCT03052127,Laser Activation
NCT02216578,Cabozantinib
NCT02782546,Allogeneic Hematopoietic Stem Cell Transplantation
NCT02782546,Tacrolimus
NCT02782546,Mycophenolate mofetil
NCT02782546,Filgrastim
NCT02782546,Donor-derived Cytokine-induced Memory-like Natural Killer Cells
NCT02782546,ALT 801
NCT02782546,Leukapheresis
NCT02935205,Enzalutamide
NCT02935205,Indometacin
NCT03141463,Vvax 001
NCT03096184,rivoceranib mesylate
NCT03096184,Gimeracil/oteracil/tegafur
NCT02881554,Computed Tomography
NCT02881554,Single Photon Emission Computed Tomography
NCT02881554,technetium tc-99m sulfur colloid
NCT02970539,Oral Paclitaxel + Encequidar - Hanmi
NCT02970539,Paclitaxel
NCT02970539,HM 30181A
NCT02970539,Ramucirumab
NCT02962063,Durvalumab
NCT02962063,Carboplatin
NCT02962063,Paclitaxel
NCT02962063,External Beam Radiation Therapy
NCT02962063,Esophagogastrectomy
NCT02962063,Tremelimumab
NCT03027739,Tisagenlecleucel
NCT02810990,Bosutinib
NCT02873598,FOLFIRINOX
NCT02873598,Gemcitabine
NCT02873598,Paclitaxel
NCT02873598,Stereotactic Body Radiation Therapy
NCT02921919,Talazoparib
NCT02940886,Iron Isomaltoside 1000
NCT02940886,Iron sucrose
NCT02921893,Dexamethasone
NCT02921893,Ixazomib citrate
NCT02921893,Lenalidomide
NCT02921893,Questionnaire Administration
NCT02942173,CD45RA-depleted Donor T-lymphocytes
NCT02946021,Indocyanine green
NCT02946021,Near-Infrared Fluorescence Imaging
NCT03606863,Total Parenteral Nutrition
NCT02873975,Prexasertib
NCT02829840,Ponatinib
NCT02829840,Azacitidine
NCT03070548,Talazoparib
NCT02903914,Numidargistat
NCT02903914,Pembrolizumab
NCT02880371,ARRY 382
NCT02880371,Pembrolizumab
NCT02768792,Pembrolizumab
NCT02721550,Sodium Glycididazole
NCT02693067,Rose bengal sodium
NCT02886897,PD-1 Inhibitor
NCT02886897,Valproic acid
NCT02924753,Cyclophosphamide
NCT02924753,Fludarabine
NCT02924753,CART-19 - Henan Cancer Hospital
NCT02724878,Bevacizumab
NCT02724878,Atezolizumab
NCT02725489,Durvalumab
NCT02808442,Allo 501
NCT02661685,Autologous Interferon-producing Killer Dendritic Cells
NCT02775370,rivoceranib mesylate
NCT02787369,Ricolinostat
NCT02787369,Ibrutinib
NCT02787369,Idelalisib
NCT04439123,Capivasertib
NCT01821833,Omega 3 fatty acids
NCT01821833,Placebo Control
NCT01821833,Paclitaxel
NCT02780310,Lenvatinib
NCT02692248,Ibrutinib
NCT02692248,Rituximab
NCT02692248,Gemcitabine
NCT02692248,Oxaliplatin
NCT02692248,Dexamethasone
NCT02697058,Irinotecan Sucrosofate
NCT02697058,Fluorouracil
NCT02697058,Levoleucovorin Calcium
NCT02688712,Galunisertib
NCT02688712,Capecitabine
NCT02688712,Fluorouracil
NCT02688712,Total Mesorectal Excision
NCT02712112,imatinib mesylate
NCT02653105,OLFM4 Gene
NCT02680574,Vadadustat
NCT02680574,Darbepoetin alfa
NCT03564704,Dexamethasone
NCT03564704,Vincristine
NCT03564704,Cyclophosphamide
NCT03564704,Idarubicin
NCT03564704,Pegaspargase
NCT03564704,doxorubicin hydrochloride
NCT03564704,Methotrexate
NCT03564704,Mercaptopurine
NCT03564704,Etoposide
NCT03564704,Cytarabine
NCT03564704,Bone Marrow Aspiration
NCT03564704,Intrathecal Chemotherapy
NCT03564704,Radiation Therapy
NCT03564704,Next Generation Sequencing
NCT03564704,Allogeneic Hematopoietic Stem Cell Transplantation
NCT03564704,IMWG Flow MRD-negative
NCT03564704,Fluorescence In Situ Hybridization
NCT03564704,Flow Cytometry
NCT03564704,Karyotyping
NCT03564704,Chidamide
NCT03564704,Positron Emission Tomography and Computed Tomography Scan
NCT02460367,Docetaxel
NCT02460367,Tergenpumatucel-L
NCT02460367,Indoximod
NCT02621970,Cisplatin
NCT02621970,Docetaxel
NCT02621970,Capecitabine
NCT02621970,Intensity-Modulated Radiation Therapy
NCT02671955,Onvatilimab
NCT02523469,ALT 801
NCT02523469,Nivolumab
NCT02459067,Autologous gamma delta T cell therapy- TC BioPharm
NCT02634827,Decitabine
NCT02634827,Laboratory Biomarker Analysis
NCT02634827,Midostaurin
NCT02622932,Catequentinib
NCT02622932,Carbon C 14 Anlotinib Hydrochloride
NCT02384382,Enzalutamide
NCT02496741,Metformin
NCT02496741,Chloroquine
NCT02549352,Ingenol disoxate
NCT02608216,Fluorothymidine F-18
NCT02608216,Calcium trisodium pentetate
NCT02608216,Ribociclib
NCT02608216,Paclitaxel
NCT02501902,Palbociclib
NCT02501902,Nab-paclitaxel
NCT02494713,Degarelix
NCT02494713,Doxorubicin
NCT02494713,Ketoconazole
NCT02494713,Docetaxel
NCT02494713,Estramustine
NCT02514603,Prexasertib
NCT02574533,Armodafinil
NCT02574533,Pembrolizumab
NCT02648711,Davamotecan Pegadexamer
NCT02648711,Bevacizumab
NCT02648711,mFOLFOX6
NCT02752204,Vistusertib
NCT02752204,Rituximab
NCT02308072,Olaparib
NCT02308072,Cisplatin
NCT02308072,Intensity-Modulated Radiation Therapy
NCT03507088,Contrast Enhanced PET-CT Scan
NCT02166658,Cabazitaxel
NCT02514382,Bortezomib
NCT02514382,Dexamethasone
NCT02514382,Laboratory Biomarker Analysis
NCT02514382,Pelareorep
NCT02526329,Donor Regulatory T-lymphocytes
NCT02526329,Laboratory Biomarker Analysis
NCT02367040,Copanlisib
NCT02367040,Placebo Control
NCT02367040,Rituximab
NCT02383966,Cetuximab
NCT02383966,Cisplatin
NCT02383966,Carboplatin
NCT02383966,Fluorouracil
NCT02496208,Biopsy
NCT02496208,Biospecimen Collection
NCT02496208,cabozantinib s-malate
NCT02496208,Computed Tomography
NCT02496208,Echocardiography
NCT02496208,Ipilimumab
NCT02496208,Magnetic Resonance Imaging
NCT02496208,Nivolumab
NCT02420223,Propranolol
NCT02436408,Vismodegib
NCT02497378,Daratumumab
NCT02497378,Bortezomib
NCT02497378,Dexamethasone
NCT01591356,EphA2-targeting DOPC-encapsulated siRNA
NCT01591356,Laboratory Biomarker Analysis
NCT02482311,Adavosertib
NCT02438358,Pegulicianine acetate
NCT02438358,LUM Imaging Device
NCT02489903,Nibrozetone
NCT02489903,Cisplatin
NCT02489903,Etoposide
NCT02489903,Carboplatin
NCT02489903,Irinotecan
NCT02489903,Vinorelbine
NCT02489903,Pegylated liposomal doxorubicin
NCT02489903,Gemcitabine
NCT02489903,Taxanes
NCT02489903,Paclitaxel
NCT02489903,Nab-paclitaxel
NCT02489903,Pemetrexed
NCT02207309,Pazopanib
NCT02207309,Placebo Control
NCT03757754,HPPH
NCT03757754,Light Dosimetry
NCT03757754,CLR 1404 I-124
NCT02394795,Oxaliplatin
NCT02394795,Levoleucovorin Calcium
NCT02394795,Fluorouracil
NCT02394795,Panitumumab
NCT02394795,Bevacizumab
NCT02396134,CMVpp65-A*0201 Peptide Vaccine
NCT02396134,Placebo Control
NCT02396134,Laboratory Biomarker Analysis
NCT04440956,64Cu-SARTATE
NCT02292550,Ribociclib
NCT02292550,Ceritinib
NCT02314169,Biospecimen Collection
NCT02314169,Computed Tomography
NCT02314169,Ipilimumab
NCT02314169,Magnetic Resonance Imaging
NCT02314169,Nivolumab
NCT02291055,Axalimogene filolisbac
NCT02291055,Durvalumab
NCT02353741,Erlotinib
NCT02353741,Thoracic Radiation Therapy
NCT02530411,Fulvestrant
NCT02530411,Vandetanib
NCT02866370,Nintedanib
NCT02866370,Paclitaxel
NCT02866370,Carboplatin
NCT02866370,Pegylated liposomal doxorubicin
NCT02866370,Topotecan
NCT02866370,Doxorubicin
NCT02437227,BAL 3833
NCT02322281,Rociletinib
NCT02322281,Pemetrexed
NCT02322281,Gemcitabine
NCT02322281,Paclitaxel
NCT02322281,Docetaxel
NCT02345408,CCR2 Antagonist CCX872-B
NCT02517918,Sirolimus
NCT02517918,Cyclophosphamide
NCT02517918,Methotrexate
NCT02517918,Zoledronic acid
NCT02616601,Fluorouracil
NCT02616601,Vehicle Control
NCT03862170,Ciprofloxacin
NCT03862170,Cefazolin
NCT02276560,Cisplatin
NCT02276560,Nab-paclitaxel
NCT02276560,Surgical Procedure
NCT02276560,Pemetrexed
NCT02276560,Gemcitabine
NCT02314052,DCR MYC
NCT02254954,Macitentan
NCT02254954,Temozolomide
NCT02254954,Radiation Therapy
NCT02391038,Indusatumab vedotin
NCT02298387,Navicixizumab
NCT02306278,Gabapentin
NCT02306278,B Vitamin
NCT02285179,Taselisib
NCT02285179,Tamoxifen
NCT03012945,Ropivacaine
NCT03012945,Sufentanil
NCT03012945,General Anesthesia Procedure
NCT03012945,Propofol
NCT03012945,Sevoflurane
NCT03012945,Morphine
NCT02212197,leuprolide acetate
NCT02274337,Abivertinib
NCT02217709,phenelzine sulfate
NCT02217709,Laboratory Biomarker Analysis
NCT02217709,Questionnaire Administration
NCT02231723,Napabucasin
NCT02231723,Nab-paclitaxel
NCT02231723,Gemcitabine
NCT02231723,Oxaliplatin
NCT02231723,Folinic acid
NCT02231723,Irinotecan
NCT02231723,Fluorouracil
NCT02231723,Irinotecan Sucrosofate
NCT02361112,Pyrotinib
NCT02361112,Capecitabine
NCT02029417,Cytarabine
NCT02029417,Omacetaxine mepesuccinate
NCT02029417,Decitabine
NCT02029417,Laboratory Biomarker Analysis
NCT02115035,Vemurafenib
NCT02128191,Ibuprofen
NCT02128191,Sodium chloride
NCT02194426,MP 0250
NCT01880359,Cisplatin
NCT01880359,Radiation Therapy
NCT01880359,Placebo Control
NCT01880359,Nimorazole
NCT02195869,Ibrutinib
NCT02101684,Orteronel
NCT02119468,Ixazomib citrate
NCT02119468,Dexamethasone
NCT02119468,Pomalidomide
NCT02176746,Cancer vaccine
NCT02252146,Bazlitoran
NCT02059239,Bendamustine
NCT02059239,Carmustine
NCT02059239,Etoposide
NCT02059239,Melphalan
NCT02059239,Cytarabine
NCT02059239,Alemtuzumab
NCT02059239,Autologous Hematopoietic Stem Cell Transplantation
NCT02059239,Allogeneic Hematopoietic Stem Cell Transplantation
NCT02059239,Rituximab
NCT01802814,Epratuzumab
NCT01943188,Stereotactic Body Radiation Therapy
NCT01943188,Cyclophosphamide
NCT01943188,Therapeutic Autologous Lymphocytes
NCT01943188,Laboratory Biomarker Analysis
NCT02069093,Dexamethasone
NCT02069093,Everolimus
NCT02069093,Exemestane
NCT02137785,Aminolevulinic acid
NCT02137785,aminolevulinic acid hydrochloride
NCT02137785,Blue Light Photodynamic Therapy Illuminator
NCT02111577,Docetaxel
NCT02111577,Prednisone
NCT02111577,Stapuldencel-T
NCT02111577,Placebo Control
NCT02038010,Alpelisib
NCT02038010,Trastuzumab emtansine
NCT02038010,Laboratory Biomarker Analysis
NCT02071537,Chloroquine
NCT02071537,Carboplatin
NCT02071537,Gemcitabine
NCT02058381,Alpelisib
NCT02058381,Buparlisib
NCT05008237,Docetaxel
NCT05008237,Cisplatin
NCT01991873,Panitumumab
NCT02065869,Rivogenlecleucel
NCT02065869,Rimiducid
NCT02146118,Erlotinib
NCT02146118,Phosphatidylcholine-Bound Silybin
NCT02117167,Vistusertib
NCT02117167,ABSK 091
NCT02117167,Capivasertib
NCT02117167,Sapitinib
NCT02117167,Selumetinib
NCT02117167,Vandetanib
NCT02117167,Pemetrexed
NCT02117167,Durvalumab
NCT02117167,Savolitinib
NCT02117167,Olaparib
NCT02697552,Tucidinostat
NCT02159365,Elotuzumab
NCT02159365,Lenalidomide
NCT02159365,Dexamethasone
NCT01895842,Ruxolitinib
NCT02041429,Ruxolitinib
NCT02041429,Paclitaxel
NCT02076230,[14C] TH-302
NCT02076230,Evofosfamide
NCT02089178,Propofol
NCT02089178,Remifentanil
NCT02089178,Sevoflurane
NCT02089178,General Anesthesia Procedure
NCT03977103,Radiation Therapy
NCT03977103,Carvedilol
NCT03977103,glucosamine sulfate potassium chloride
NCT03977103,Allogeneic Hematopoietic Stem Cell Transplantation
NCT02027090,Icotinib
NCT02029937,Proflavine Hemisulfate
NCT02029937,High-Resolution Microendoscopy
NCT01397799,Tirbanibulin
NCT01588951,Cytarabine
NCT01588951,Allogeneic Stem Cell Transplantation
NCT01659502,TL 118
NCT01928030,Recombinant Human Hyaluronidase
NCT01987102,Folinic acid
NCT01987102,Folitixorin
NCT01987102,High-Dose Methotrexate Regimen
NCT02001272,Paclitaxel
NCT02001272,Carboplatin
NCT01969695,Venetoclax
NCT01974349,Selumetinib
NCT01809171,Colecalciferol
NCT01809171,Placebo Control
NCT01866449,Cabazitaxel
NCT01976195,Dexamethasone
NCT01976195,Thalidomide
NCT01989845,Rivaroxaban
NCT01848132,Bortezomib
NCT01848132,Rituximab
NCT01848132,Cyclophosphamide
NCT01848132,Doxorubicin
NCT01848132,Prednisone
NCT01848132,Vincristine
NCT01864772,Carboplatin
NCT01864772,Fluorouracil
NCT01864772,Cetuximab
NCT01820325,Buparlisib
NCT01820325,Carboplatin
NCT01820325,Paclitaxel
NCT02083692,Metformin
NCT01816594,Buparlisib
NCT01816594,Trastuzumab
NCT01816594,Paclitaxel
NCT01816594,Placebo
NCT01932580,Fluorouracil
NCT01932580,Oxaliplatin
NCT01932580,Docetaxel
NCT01795430,Etoposide
NCT01795430,Ifosfamide
NCT01795430,Intensity-Modulated Radiation Therapy
NCT01795430,topotecan hydrochloride
NCT01795430,Busulfan
NCT01795430,Melphalan
NCT01795430,Autologous Hematopoietic Stem Cell Transplantation
NCT01795430,Peripheral Blood Stem Cell Transplantation
NCT01795430,Autologous Bone Marrow Transplantation
NCT01849380,Gimeracil/oteracil/tegafur
NCT01849380,Fluorouracil
NCT01481233,Colchicine
NCT01849250,Docosahexaenoic acid
NCT01849250,Placebo Control
NCT01867866,Tipiracil/trifluridine
NCT01867866,Trifluridine
NCT01846416,Atezolizumab
NCT04635852,Fentanyl
NCT04635852,Morphine
NCT01630564,Aldesleukin
NCT01630564,Umbilical Cord Blood Stem Cell
NCT01630564,Ex Vivo-Expanded Cord Blood Progenitor Cell Infusion
NCT01630564,Umbilical Cord Blood-Derived Lymphocyte Therapy
NCT01805037,Brentuximab vedotin
NCT01805037,Rituximab
NCT01805037,Laboratory Biomarker Analysis
NCT01806675,Positron Emission Tomography and Computed Tomography Scan
NCT01806675,2-Fluoropropionyl-labeled Pegylated Dimeric RGD Peptide
NCT01783522,Glutamine
NCT01783522,Placebo Control
NCT01790737,Cyclophosphamide
NCT01790737,Filgrastim
NCT01859819,Rituximab
NCT01859819,Cytarabine
NCT01738451,Dabrafenib
NCT01738451,Placebo Control
NCT01740271,Epirubicin
NCT01759810,Dendritic Cell Vaccine
NCT01759810,Therapeutic Allogeneic Hematopoietic Stem Cells
NCT01759810,Cytotoxic T lymphocytes
NCT01759810,Therapeutic Autologous Hematopoietic Stem Cells
NCT01729338,Bortezomib
NCT01729338,Cyclophosphamide
NCT01729338,Lenalidomide
NCT01763606,enoxaparin
NCT01763606,Aspirin
NCT01659021,Idelalisib
NCT01659021,Ofatumumab
NCT01764880,Roneparstat
NCT02724267,Iodine I131 Derlotuximab biotin
NCT01680965,Ofatumumab
NCT01585350,MELITAC 12.1 Peptide Vaccine
NCT01585350,Incomplete Freund's adjuvant
NCT01585350,Poly ICLC
NCT01671774,Zolbetuximab
NCT01671774,Zoledronic acid
NCT01671774,Interleukin-2
NCT01633060,Fulvestrant
NCT01633060,Buparlisib
NCT01633060,Placebo
NCT01617226,Azacitidine
NCT01617226,Vorinostat
NCT01746992,Cyclophosphamide
NCT01746992,Vincristine
NCT01746992,Doxorubicin
NCT01746992,Prednisone
NCT01746992,Ifosfamide
NCT01746992,Pirarubicin
NCT01746992,Etoposide phosphate
NCT01746992,Methotrexate
NCT01728623,Lenvatinib
NCT01663415,Enzalutamide
NCT01634880,Panitumumab
NCT01634880,Adjuvant Radiotherapy
NCT01929980,Bortezomib
NCT01611766,Cytoreductive Surgery
NCT01607580,Methylprednisolone
NCT01693445,Oxaliplatin
NCT01693445,Irinotecan
NCT01693445,Gimeracil/oteracil/tegafur
NCT01531387,Hydroxycarbamide
NCT01583816,Resiquimod
NCT01583816,Placebo Control
NCT01596647,Caffeine
NCT01596647,Diclofenac
NCT01596647,Omeprazole
NCT01596647,Midazolam
NCT01596647,dovitinib lactate
NCT01570868,Ponatinib
NCT01655719,Pioglitazone
NCT01572662,fludarabine phosphate
NCT01572662,Busulfan
NCT01572662,Hematopoietic Cell Transplantation
NCT01572662,Tacrolimus
NCT01572662,Methotrexate
NCT01572662,Filgrastim
NCT01334502,Rituximab
NCT01334502,Cyclophosphamide
NCT01334502,doxorubicin hydrochloride
NCT01334502,Everolimus
NCT01334502,Prednisone
NCT01334502,vincristine sulfate
NCT01516996,Docetaxel
NCT01516996,Cisplatin
NCT01516996,Intensity-Modulated Radiation Therapy
NCT01516996,Nimotuzumab
NCT01554254,Angiotensin-1-7
NCT01886066,Indocyanine green
NCT01876043,Plitidepsin
NCT01527136,Entolimod
NCT01527136,Laboratory Biomarker Analysis
NCT01542437,Afatinib
NCT01620736,Raltegravir
NCT03364439,Radiation Therapy
NCT01428492,Afuresertib
NCT01428492,Bortezomib
NCT01428492,Dexamethasone
NCT01469572,Pasireotide
NCT01469572,Transarterial Radioembolization
NCT01469572,Everolimus
NCT01481129,MK 2206
NCT01481129,Laboratory Biomarker Analysis
NCT01510756,Sorafenib
NCT01468389,Capecitabine
NCT01339442,Buparlisib
NCT01339442,Fulvestrant
NCT01339442,Biopsy
NCT03117335,Placebo
NCT03117335,Vinorelbine
NCT03117335,Cisplatin
NCT03117335,Recombinant Human Endostatin
NCT01460979,Temsirolimus
NCT01431664,AT9283
NCT01431664,Laboratory Biomarker Analysis
NCT01394120,FOLFIRINOX
NCT01394120,FOLFOX
NCT01394120,FOLFIRI
NCT01394120,Capecitabine
NCT01394120,Gemcitabine
NCT01394120,Erlotinib
NCT01394120,GEM-CAP
NCT01394120,Erlotinib/Gemcitabine
NCT01429051,Fentanyl
NCT01429051,Placebo Control
NCT02043756,Liposomal Mitoxantrone Hydrochloride
NCT02043756,Mitoxantrone
NCT00816959,Hyaluronidase/rituximab
NCT00816959,ABVD
NCT01232296,Dovitinib
NCT01232296,Sorafenib
NCT01384253,212 Pb TCMC trastuzumab
NCT01384253,Trastuzumab
NCT01362374,Fluorouracil
NCT01362374,Docetaxel
NCT01362374,Enzalutamide
NCT01362374,RG7440
NCT01362374,Folinic acid
NCT01362374,Oxaliplatin
NCT01362374,Paclitaxel
NCT01430013, Endostar
NCT01430013,Cyclophosphamide
NCT01430013,Pirarubicin
NCT01430013,Vincristine
NCT01430013,Teniposide
NCT01430013,Prednisone
NCT01328496,Fludarabine
NCT01328496,Cyclophosphamide
NCT01328496,Cyclosporin
NCT01328496,Mycophenolate mofetil
NCT01328496,Filgrastim
NCT01328496,Total-Body Irradiation
NCT01328496,Umbilical Cord Blood Transplantation
NCT01382706,Docetaxel
NCT01382706,lapatinib ditosylate
NCT01382706,Immunohistochemistry Staining Method
NCT01382706,Fluorescence In Situ Hybridization
NCT01382706,Laboratory Biomarker Analysis
NCT01639625,CIGB 300
NCT01074177,Afatinib
NCT01191697,Bevacizumab
NCT01191697,Trastuzumab
NCT01191697,Oxaliplatin
NCT01191697,Capecitabine
NCT01320020,Catumaxomab
NCT01409499,Sorafenib
NCT01409499,Hepatectomy
NCT01409499,Transarterial Chemoembolization
NCT01558947,Epirubicin
NCT01558947,Capecitabine
NCT01558947,Cisplatin
NCT01156142,Doxepin Hydrochloride
NCT01156142,Placebo Control
NCT01251172,Autologous Hematopoietic Stem Cell Transplantation
NCT01251172,RG 4733
NCT01251172,Stem Cell Mobilization Therapy
NCT01251172,In Vitro-Treated Peripheral Blood Stem Cell Transplantation
NCT01251172,Laboratory Biomarker Analysis
NCT01251172,Melphalan
NCT01260506,Ofranergene obadenovec
NCT01260506,Bevacizumab
NCT01308645,Epinephrine
NCT05167370,Amifostine
NCT05167370,Melphalan
NCT05167370,Thiotepa
NCT01238770,Pazopanib
NCT01238770,Cyclophosphamide
NCT01242449,Trastuzumab
NCT01242449,Vinorelbine
NCT01222754,Lenalidomide
NCT01222754,Radiation Therapy
NCT01222754,Theophylline
NCT01217437,Bevacizumab
NCT01217437,irinotecan hydrochloride
NCT01217437,Temozolomide
NCT01195376,Dactolisib
NCT01240577,Ropidoxuridine
NCT01226407,Ivaltinostat
NCT01271920,Luminespib
NCT01271920,Trastuzumab
NCT01370876,Oxaliplatin
NCT01370876,Fluorouracil
NCT02225652,Fluorouracil
NCT02225652,Epirubicin
NCT02225652,Cyclophosphamide
NCT02225652,Filgrastim
NCT02225652,Paclitaxel
NCT02817555,Epoetin alfa
NCT02817555,Sodium Ferric Gluconate Complex
NCT02817555,Darbepoetin alfa
NCT01270724,Gemcitabine
NCT01270724,Paclitaxel
NCT01270724,Oxaliplatin
NCT01270724,corticotropin-releasing hormone
NCT01718379,Lenalidomide
NCT01718379,Epoetin beta
NCT00829413,Sulfur hexafluoride
NCT01091454,Brostallicin
NCT01091454,Cisplatin
NCT01138163,Docetaxel
NCT01138163,Bavituximab
NCT01138163,Placebo Control
NCT01146574,Sotatercept
NCT01146574,Placebo Control
NCT01159028,Prexigebersen
NCT01159028,Low-dose Cytarabine Regimen
NCT01208194,Lefitolimod
NCT01208194,Placebo Control
NCT01323933,Simtuzumab
NCT01369121,Corticorelin
NCT01094860,Nelarabine
NCT01209208,Budesonide
NCT01209208,Mesalazine
NCT01209208,Placebo Control
NCT01110785,Panitumumab
NCT01110785,Simvastatin
NCT01110785,Laboratory Biomarker Analysis
NCT01077453,Letrozole
NCT01077453,Laboratory Biomarker Analysis
NCT01118975,Vorinostat
NCT01118975,Lapatinib
NCT01042522,bleomycin sulfate
NCT01042522,Carboplatin
NCT01042522,Cisplatin
NCT01042522,Etoposide phosphate
NCT01042522,Laboratory Biomarker Analysis
NCT01042522,Paclitaxel
NCT01216436,Autologous OFA-iLRP RNA-Transfected Dendritic Cell Vaccine
NCT01246427,Homeopathy Therapy
NCT01246427,Placebo Control
NCT01024920,Nintedanib
NCT01024920,Sunitinib
NCT01059552,Vorinostat
NCT01183494,Bevacizumab
NCT01183494,Irinotecan
NCT01183494,Fluorouracil/folinic-acid
NCT01013740,Vinorelbine
NCT01013740,Lapatinib
NCT01013740,Capecitabine
NCT01019382,Gemcitabine
NCT01019382,Fish oil
NCT00788697,Sulfur hexafluoride
NCT00788697,Contrast-Enhanced Ultrasound
NCT00788697,Unenhanced ultrasound
NCT00982436,Docetaxel
NCT00982436,Cisplatin
NCT00982436,Radiation Therapy
NCT00982436,Carboplatin
NCT01160484,Dexamethasone
NCT01160484,Bortezomib
NCT01160484,Pegylated Liposomal Doxorubicin Hydrochloride
NCT01160484,Lenalidomide
NCT00952289,Ruxolitinib
NCT00952289,Placebo Control
NCT00838513,Eculizumab
NCT00927589,Carboplatin
NCT00927589,Docetaxel
NCT00927589,Trastuzumab
NCT00933374,Paclitaxel
NCT00933374,Everolimus
NCT00961896,Drug Vehicle
NCT00961896,Sonidegib
NCT00962507,Everolimus
NCT00962507,Panobinostat
NCT00962507,Laboratory Biomarker Analysis
NCT05278728,Nimotuzumab
NCT05278728,Irinotecan
NCT00918723,fludarabine phosphate
NCT00918723,Cyclophosphamide
NCT00918723,Rituximab
NCT00918723,Vorinostat
NCT00940784,Clopidogrel
NCT00940784,Aspirin
NCT00940784,Hydroxycarbamide
NCT00940784,Placebo Control
NCT01528501,Panobinostat
NCT00807170,Vandetanib
NCT00807170,Whole-Brain Radiotherapy
NCT00911326,Tc 99m tilmanocept
NCT01449344,Rituximab
NCT01449344,Cytarabine
NCT01449344,Dexamethasone
NCT01449344,Bortezomib
NCT00833040,Sufentanil
NCT00833040,Placebo Control
NCT00868478,Milatuzumab
NCT01729663,Allogeneic Irradiated Melanoma Cell Vaccine CSF470
NCT01729663,BCG vaccine
NCT01729663,Molgramostim
NCT01729663,Interferon-alpha-2
NCT00858429,Capecitabine
NCT00858429,Yttrium Y 90 Glass Microspheres
NCT00723398,Omega-3-acid ethyl esters
NCT00723398,Raloxifene
NCT00866177,Laboratory Biomarker Analysis
NCT00866177,Selumetinib
NCT00867061,Rigosertib Sodium
NCT00931450,Exemestane
NCT00931450,sunitinib malate
NCT00931450,Placebo Control
NCT01775423,Napabucasin
NCT00821886,Ixabepilone
NCT00821886,Trastuzumab
NCT00821886,Carboplatin
NCT00832819,Lenvatinib
NCT00832819,Paclitaxel
NCT00832819,Carboplatin
NCT00846508,Cisplatin
NCT01227408,Doxorubicin
NCT01227408,Paclitaxel poliglumex
NCT01227408,Capecitabine
NCT01227408,Cyclophosphamide
NCT01227408,Methotrexate
NCT00923247,Bortezomib
NCT00923247,Vandetanib
NCT00841555,Temozolomide
NCT00841555,Radiation Therapy
NCT00841555,Hypofractionated Radiation Therapy
NCT00841555,Intensity-Modulated Radiation Therapy
NCT00850785,Docetaxel
NCT00850785,Granulocyte macrophage colony stimulating factor
NCT00850785,DPV 001
NCT00807872,124I-labeled monoclonal antibody Mu 11-1F4
NCT00828841,Cetuximab
NCT00828841,Paclitaxel
NCT00828841,Carboplatin
NCT00828841,Gemcitabine
NCT00828841,Cisplatin
NCT00832520,Mirtazapine
NCT00906750,Trivalent Live-Attenuated Influenza Vaccine
NCT00906750,Influenza vaccine
NCT00729833,Figitumumab
NCT00729833,Sunitinib
NCT00860600,PG 2
NCT00882973,Paclitaxel
NCT01198392,Gimeracil/oteracil/tegafur
NCT01198392,Cisplatin
NCT01198392,Fluorouracil
NCT00750841,Cediranib
NCT00750841,Rifampicin
NCT00733850,Kanglaite
NCT00733850,Gemcitabine
NCT00764517,Cladribine
NCT00764517,Laboratory Biomarker Analysis
NCT00764517,Rituximab
NCT00764517,Vorinostat
NCT00786812,Nilotinib
NCT00669565,Bavituximab
NCT00669565,Carboplatin
NCT00669565,Paclitaxel
NCT00738764,Enavatuzumab
NCT00906360,sunitinib malate
NCT00906360,3-Dimensional Conformal Radiation Therapy
NCT00906360,Cetuximab
NCT00722293,Doxorubicin
NCT00722293,Pazopanib
NCT00722293,Epirubicin
NCT00642967,Methoxy Polyethylene Glycol-Epoetin beta
NCT00684996,Etaracizumab
NCT00684996,Bevacizumab
NCT00691054,Nab-paclitaxel
NCT00698009,Fludarabine
NCT00698009,Cyclophosphamide
NCT00698009,Natural killer cell therapy
NCT00698009,Mesna
NCT00698009,Interleukin-2
NCT00702494,THR 317
NCT00715793,Decitabine
NCT00715793,Temozolomide
NCT00715793,Biopsy
NCT01922492,Autologous Islet Cell Transplantation
NCT01922492,Metformin
NCT01922492,Vildagliptin
NCT00666081,GSK 690693
NCT00677144,Oxaliplatin
NCT00677144,Gimeracil/oteracil/tegafur
NCT00677144,Capecitabine
NCT00629057,MVA-BN-PRO
NCT00634894,Letrozole
NCT00634894,Placebo Control
NCT01442909,Docetaxel
NCT01442909,Pemetrexed
NCT00615589,Fludarabine
NCT00615589,Busulfan
NCT00615589,Hematopoietic Cell Transplantation
NCT00624182,URLC10 peptide vaccine
NCT00624182,Gemcitabine
NCT00602030,Entinostat
NCT00602030,Erlotinib
NCT00761085,Morphine
NCT00761085,Methadone
NCT00357760,Aflibercept
NCT00573755,Anastrozole
NCT00573755,Exemestane
NCT00573755,Letrozole
NCT00573755,sorafenib tosylate
NCT00573755,Placebo Control
NCT00585845,CRS 207
NCT00613743,Morphine
NCT00613743,Quinine Hydrochloride
NCT00467051,Carboplatin
NCT00467051,Filgrastim
NCT00467051,Ifosfamide
NCT00467051,Laboratory Biomarker Analysis
NCT00467051,Paclitaxel
NCT00431704,Vinorelbine
NCT00431704,Carboplatin
NCT00431704,Trastuzumab
NCT00471445,Ketamine
NCT00471445,Amitriptyline
NCT00471445,Placebo Control
NCT00502307,Tivozanib
NCT00502307,Placebo Control
NCT00557609,Tivantinib
NCT00526799,Sorafenib
NCT00526799,Topotecan
NCT00527930,Gimeracil/oteracil/tegafur
NCT00527930,Oxaliplatin
NCT00531401,Salirasib
NCT00954135,Letrozole
NCT00954135,Cyclophosphamide
NCT00954135,Sorafenib
NCT00446069,morphine sulfate
NCT00471276,Sunitinib
NCT00849186,sunitinib malate
NCT00849186,Neoadjuvant Therapy
NCT00849186,Therapeutic Conventional Surgery
NCT01268163,Docetaxel
NCT01706627,Melatonin
NCT00565656,Bevacizumab
NCT00372905,Rituximab
NCT00372905,Bortezomib
NCT00372905,Indium In-111 Ibritumomab Tiuxetan
NCT00372905,Yttrium Y-90 Ibritumomab Tiuxetan
NCT00372905,Ibritumomab tiuxetan
NCT00429182,Carboplatin
NCT00429182,Cyclophosphamide
NCT00429182,Thiotepa
NCT00429182,Hematopoietic Cell Transplantation
NCT00469859,Cytarabine
NCT00469859,Idarubicin
NCT00469859,Lestaurtinib
NCT00474669,Docetaxel
NCT00925314,Transgenic Lymphocyte Immunization Vaccine
NCT00498407,Elacytarabine
NCT00653848,Docetaxel
NCT00466843,Antithymocyte globulin
NCT00466843,Prednisone
NCT00568815,Rituximab
NCT00568815,Etoposide
NCT00568815,Cytarabine
NCT00568815,Cisplatin
NCT00568815,Methionine
NCT00598091,Gemcitabine
NCT00598091,Dasatinib
NCT00620295,Bortezomib
NCT00620295,Gemcitabine
NCT00620295,gemcitabine hydrochloride
NCT00723216,enoxaparin
NCT00723216,Physical prophylaxis
NCT00432562,vinorelbine tartrate
NCT00444535,Lapatinib
NCT00444535,Bevacizumab
NCT00085098,Filgrastim
NCT00085098,Carboplatin
NCT00085098,Cisplatin
NCT00085098,Cyclophosphamide
NCT00085098,Etoposide
NCT00085098,Radiation Therapy
NCT00406302,Docetaxel
NCT00406302,Oxaliplatin
NCT00406302,Cetuximab
NCT00406302,Surgical Procedure
NCT00434330,Peginesatide
NCT00434330,Epoetin alfa
NCT00434330,Epoetin beta
NCT00733889,Cetuximab
NCT00733889,Docetaxel
NCT00733889,Cisplatin
NCT00733889,Fluorouracil
NCT00733889,Radiation Therapy
NCT00382733,Topotecan
NCT00398281,Dutasteride
NCT00398281,Placebo Control
NCT00551512,CBP 501
NCT00551512,Cisplatin
NCT00625937,Cisplatin
NCT00625937,Docetaxel
NCT00625937,Gimeracil/oteracil/tegafur
NCT00625937,Radiation Therapy
NCT00411138,Radiation Therapy
NCT00411138,Cisplatin
NCT00411138,Carboplatin
NCT00411138,Paclitaxel
NCT00373373,Sorafenib
NCT00373373,Placebo Control
NCT00418093,Gemcitabine
NCT00418093,Oxaliplatin
NCT00418093,Bevacizumab
NCT00368121,Cetuximab
NCT00368121,Dexamethasone
NCT00463073,Cetuximab
NCT00463073,Bevacizumab
NCT00463073,Irinotecan
NCT00743067,Foretinib
NCT00345163,Bevacizumab
NCT00345163,Irinotecan
NCT00381875,E1M184V peptide vaccine - National Institutes of Health Clinical Center 
NCT00381875,Incomplete Freund's adjuvant
NCT00381875,Sargramostim
NCT00381875,Immunoenzyme Procedure
NCT00330915,Pemetrexed
NCT00336856,Cetuximab
NCT00336856,Irinotecan
NCT00339131,Cold Contaminant-free Iobenguane I-131
NCT00387205,Pazopanib
NCT00387205,Lapatinib
NCT00307723,Bevacizumab
NCT00307723,Fluorouracil
NCT00307723,Oxaliplatin
NCT00307723,Gemcitabine
NCT00307723,External Beam Radiation Therapy
NCT00316875,lapatinib ditosylate
NCT00316875,Pegylated liposomal doxorubicin
NCT00352755,Peritonectomy
NCT00352755,Fluorouracil
NCT00352755,FOLFOX
NCT00319748,852A
NCT00454324,Carboplatin
NCT00454324,Nab-paclitaxel
NCT00508807,Bardoxolone methyl
NCT01087424,Prednisone
NCT01087424,Rituximab
NCT01087424,Doxorubicin
NCT01087424,Cyclophosphamide
NCT01087424,Vincristine
NCT00321100,Bevacizumab
NCT00321100,Cetuximab
NCT00321100,Oxaliplatin
NCT00321100,Capecitabine
NCT00319839,Nab-paclitaxel
NCT00319839,Cetuximab
NCT00420485,Gimatecan
NCT00446290,Docetaxel
NCT00446290,Capecitabine
NCT00446290,Oxaliplatin
NCT00458796,Zoledronic acid
NCT00458796,Quality-of-Life Assessment
NCT00406978,Prednisone
NCT00406978,Melphalan
NCT00406978,Thalidomide
NCT00406978,Defibrotide
NCT00303082,Lactobacillus rhamnosus
NCT00303082,Lactobacillus reuteri Probiotic Tablet
NCT00303953,Belinostat
NCT00389922,lapatinib ditosylate
NCT00389922,vinorelbine tartrate
NCT00389922,Comparative Genomic Hybridization
NCT00389922,Cytogenetic Analysis
NCT00389922,Gene Expression Analysis
NCT00389922,Genetic Variation Analysis
NCT00389922,Polymerase Chain Reaction
NCT00389922,Polymorphism Analysis
NCT00389922,Reverse Transcriptase-Polymerase Chain Reaction
NCT00389922,Immunohistochemistry Staining Method
NCT00389922,Laboratory Biomarker Analysis
NCT00543231,oblimersen sodium
NCT00543231,BP1002
NCT00861419,Sorafenib
NCT00861419,motesanib diphosphate
NCT00861419,Trebananib
NCT00861419,Sunitinib
NCT00861419,Bevacizumab
NCT00174369,Mirdametinib
NCT00237575,Gemcitabine
NCT00237575,Cisplatin
NCT00237575,Sargramostim
NCT00237575,Filgrastim
NCT01058538,Bifikafusp alfa
NCT01058538,Interleukin-2
NCT03362684,Cetuximab
NCT03362684,FOLFOX
NCT00240682,Cetuximab
NCT00310050,pemetrexed disodium
NCT00310050,Pemetrexed
NCT00310050,Radiation Therapy
NCT02013817,Rituximab
NCT02013817,Fludarabine
NCT02013817,Cyclophosphamide
NCT00121225,Vorinostat
NCT00247507,Acetylcysteine
NCT00248404,NB 1011
NCT00250419,V930
NCT00288925,Z-360
NCT00376740,Zoledronic acid
NCT00532285,Paclitaxel
NCT00532285,Gemcitabine
NCT00129571,XL 820
NCT00207077,Cetuximab
NCT00207077,Erlotinib
NCT00361088,Bortezomib
NCT00361088,Tipifarnib
NCT02182050,INV-1120
NCT00100945,Gefitinib
NCT00125749,ACT 2001
NCT00138177,Oxaliplatin
NCT00138177,leucovorin calcium
NCT00138177,Vorinostat
NCT00138177,Fluorouracil
NCT00176748,Axitinib
NCT00196820,Capecitabine
NCT00271804,Bortezomib
NCT00398554,Cyclophosphamide
NCT00398554,doxorubicin hydrochloride
NCT00398554,Etoposide
NCT00398554,Prednisone
NCT00398554,vinblastine sulfate
NCT00398554,vincristine sulfate
NCT00398554,Radiation Therapy
NCT00544986,Anastrozole
NCT00217711,Capecitabine
NCT00217711,irinotecan hydrochloride
NCT00217711,Oxaliplatin
NCT00295971,Antithymocyte globulin
NCT00295971,Therapeutic Allogeneic Lymphocytes
NCT00295971,fludarabine phosphate
NCT00295971,Thiotepa
NCT00295971,Allogeneic Bone Marrow Transplantation
NCT00295971,Allogeneic Hematopoietic Stem Cell Transplantation
NCT00295971,In Vitro-Treated Peripheral Blood Stem Cell Transplantation
NCT00295971,Total-Body Irradiation
NCT00083083,Carboplatin
NCT00083083,Cisplatin
NCT00083083,Docetaxel
NCT00083083,Etoposide
NCT00083083,Paclitaxel
NCT00083083,vinblastine sulfate
NCT00083083,vinorelbine tartrate
NCT00083083,Gene Expression Analysis
NCT00083083,Positron Emission Tomography
NCT00083083,Fludeoxyglucose F-18
NCT00083083,Radiation Therapy
NCT00101270,irinotecan hydrochloride
NCT00101270,Oxaliplatin
NCT00106262,Bortezomib
NCT00106262,Irinotecan
NCT00121602,Darbepoetin alfa
NCT00191854,Gemcitabine
NCT00191854,Paclitaxel
NCT00191854,Carboplatin
NCT00191854,Cisplatin
NCT00102791,Senicapoc
NCT00142415,Girentuximab
NCT00142415,Lutetium Lu 177-DOTA
NCT00806923,Cisplatin
NCT00806923,Gemcitabine
NCT00806923,Placebo Control
NCT00806923,Bevacizumab
NCT00147901,Alemtuzumab
NCT00147901,Cyclophosphamide
NCT00147901,Fludarabine
NCT00457743,sunitinib malate
NCT00874978,Lenalidomide
NCT00216437,Capecitabine
NCT00041262,Cisplatin
NCT00041262,epirubicin hydrochloride
NCT00041262,Fluorouracil
NCT00041262,Conventional Surgery
NCT00041262,Neoadjuvant Therapy
NCT00096135,Filgrastim
NCT00096135,Cyclophosphamide
NCT00096135,Cytarabine
NCT00096135,daunorubicin hydrochloride
NCT00096135,Dexamethasone
NCT00096135,Etoposide
NCT00096135,leucovorin calcium
NCT00096135,Mercaptopurine
NCT00096135,Methotrexate
NCT00096135,Pegaspargase
NCT00096135,Hydrocortisone
NCT00096135,vincristine sulfate
NCT00096135,High-Dose Methotrexate Regimen
NCT00096135,Cranial Irradiation
NCT00155259,Docetaxel
NCT00155259,Cisplatin
NCT00155259,Capecitabine
NCT00088556,canfosfamide hydrochloride
NCT00088556,Carboplatin
NCT00088556,Paclitaxel
NCT00093730,BMS 599626
NCT00176501,Therapeutic Allogeneic Lymphocytes
NCT00076102,Pirfenidone
NCT00227682,Ascorbic acid
NCT00227682,Arsenic trioxide
NCT00227682,Dexamethasone
NCT00227682,Thalidomide
NCT00085462,Aldesleukin
NCT00085462,Filgrastim
NCT00085462,gp100-Fowlpox Vaccine
NCT00085462,Therapeutic Autologous Lymphocytes
NCT00085462,Therapeutic Tumor Infiltrating Lymphocytes
NCT00085462,Cyclophosphamide
NCT00085462,fludarabine phosphate
NCT00245089,Dactinomycin
NCT00245089,Cyclophosphamide
NCT00245089,vincristine sulfate
NCT02461121,HLA mismatched stem cell
NCT02461121,HLA matched stem cell
NCT02461121,Cyclosporin
NCT02461121,Mycophenolate mofetil
NCT02461121,Cytarabine
NCT02461121,Fludarabine
NCT02461121,Antithymocyte globulin
NCT02461121,Cyclophosphamide
NCT00159445,Gemcitabine
NCT00159445,Capecitabine
NCT00080990,Alvocidib
NCT00080990,Fluorouracil
NCT00080990,Oxaliplatin
NCT00080990,leucovorin calcium
NCT00072670,Trabectedin
NCT00077025,Gefitinib
NCT00077025,Anastrozole
NCT00077493,CAT 3888
NCT00077493,Moxetumomab pasudotox
NCT00077493,Monoclonal antibodies
NCT00191477,Gemcitabine
NCT00191477,Transurethral Resection of Bladder Tumor
NCT00191477,Placebo Control
NCT00426101,Dexamethasone
NCT00426101,Etoposide
NCT00426101,Cyclosporin
NCT00426101,Methotrexate
NCT00426101,Prednisolone
NCT00426101,Intrathecal Chemotherapy
NCT00426101,Hematopoietic Cell Transplantation
NCT02494596,Capecitabine
NCT02494596,Pertuzumab-biosimilar-Biocad
NCT00226798,Capecitabine
NCT01270906,dovitinib lactate
NCT00154349,imatinib mesylate
NCT00617968,Docetaxel
NCT00069160,Docetaxel
NCT00069160,Tariquidar
NCT00069160,Technetium Tc-99m Sestamibi
NCT00086931,Capecitabine
NCT00086931,Oxaliplatin
NCT00086931,Conventional Surgery
NCT00086931,Chemotherapy
NCT00086931,Radiation Therapy
NCT00504660,Capecitabine
NCT00504660,Celecoxib
NCT00504660,Temozolomide
NCT00504660,Lomustine
NCT00504660,Tioguanine
NCT00489983,Pemetrexed
NCT00489983,Gemcitabine
NCT00061958,Arsenic trioxide
NCT00064311,Ravuconazole
NCT00319618,Gefitinib
NCT00319618,Docetaxel
NCT00168727,Ibritumomab tiuxetan
NCT00060645,Ridaforolimus
NCT00126269,Cisplatin
NCT00126269,Gemcitabine
NCT00488709,Topotecan
NCT00488709,Fludarabine
NCT00488709,Cytarabine
NCT01085058,Lenograstim
NCT00193479,Cyclophosphamide
NCT00193479,Mitoxantrone
NCT00193479,Vincristine
NCT00193479,Prednisone
NCT00193479,Rituximab
NCT00431561,Trabedersen
NCT00431561,Temozolomide
NCT00431561,Procarbazine
NCT00431561,Lomustine
NCT00431561,Vincristine
NCT00431561,Drug Delivery System
NCT00431561,Intratumoral Route of Administration
NCT00060567,Indisulam
NCT00060567,Irinotecan
NCT00071955,Autologous Immunoglobulin Idiotype-KLH Conjugate Vaccine
NCT00071955,Sargramostim
NCT00060242,fosbretabulin disodium
NCT00122499,Tadalafil
NCT00060710,Proapoptotic Sulindac Analog CP-461
NCT00334295,Fulvestrant
NCT00058006,Celecoxib
NCT00058006,Adjuvant Therapy
NCT00047242,UCN 01
NCT00047242,irinotecan hydrochloride
NCT00149019,T-cell Engaging Bispecific Antibody
NCT00448643,Carboplatin
NCT00448643,Paclitaxel
NCT00448643,Cisplatin
NCT00448643,Whole-Abdominal Irradiation
NCT00448643,High-Dose-Rate Vaginal Brachytherapy
NCT00044525,Ortataxel
NCT00256230,Disulfiram
NCT00023933,Iodine I 131 Monoclonal Antibody CC49-deltaCH2
NCT00328549,Pegylated Interferon Alfa
NCT00328549,Ribavirin
NCT00024310,Folic acid
NCT00024310,Lometrexol
NCT00024310,Paclitaxel
NCT00030069,Calcitriol
NCT00030069,Dexamethasone
NCT00050843,Thalidomide
NCT00041808,MTC DOX
NCT00041808,Chemotherapy
NCT00403624,Oxaliplatin
NCT00586898,Leuprorelin
NCT00586898,Goserelin
NCT00586898,Ketoconazole
NCT00586898,Bicalutamide
NCT00586898,Testosterone
NCT00586898,Estradiol
NCT00038649,imatinib mesylate
NCT00014118,Carboplatin
NCT00014118,Paclitaxel
NCT00014118,Conventional Surgery
NCT00014118,Radiation Therapy
NCT00027742,Peginterferon alfa-2a
NCT00027742,Temozolomide
NCT00211198,Denileukin diftitox
NCT00014690,Clevidipine
NCT00014690,topotecan hydrochloride
NCT00022334,Alpha-Fetoprotein
NCT00550784,Filgrastim
NCT00550784,Cisplatin
NCT00550784,Cyclophosphamide
NCT00550784,Melphalan
NCT00550784,Paclitaxel
NCT00550784,topotecan hydrochloride
NCT00550784,TdT-Mediated dUTP Nick End Labeling Assay
NCT00550784,Gene Expression Analysis
NCT00550784,Immunohistochemistry Staining Method
NCT00550784,Peripheral Blood Stem Cell Transplantation
NCT00006257,Paclitaxel
NCT00006257,Semaxanib
NCT00006484,Carboplatin
NCT00006484,Paclitaxel
NCT00006484,Tirapazamine
NCT00004208,Antithymocyte Globulin Equine/Cyclosporine Regimen
NCT00004208,Cyclosporin
NCT00008294,FOLFOX
NCT00008294,Dexamethasone
NCT00008294,Floxuridine
NCT00008294,Fluorouracil
NCT00008294,leucovorin calcium
NCT00008294,Oxaliplatin
NCT00006107,Docetaxel
NCT00006107,Surgical Procedure
NCT00006107,Radiation Therapy
NCT00005841,MART-1 Antigen
NCT00005841,gp100 Antigen
NCT00005841,Incomplete Freund's adjuvant
NCT00005841,Progenipoietin
NCT00005841,Tyrosinase Peptide
NCT00006122,Cytarabine
NCT00006122,Etoposide
NCT00006122,Gemtuzumab ozogamicin
NCT00006122,Idarubicin
NCT00006122,mitoxantrone hydrochloride
NCT00006120,Docetaxel
NCT00006120,Paclitaxel
NCT00015821,Thalidomide
NCT00015821,Laboratory Biomarker Analysis
NCT00005858,LMB 9
NCT01122121,leuprolide acetate
NCT01122121,Radiation Therapy
NCT01122121,Flutamide
NCT01663714,Cyclophosphamides
NCT01663714,Vincristine
NCT01663714,Prednisone
NCT01663714,Tositumomab
NCT01663714,Iodine I 131 tositumomab
NCT00022932,Iodine I 131 tositumomab
NCT01225874,Calaspargase pegol
NCT01225874,Cytarabine
NCT01225874,daunorubicin hydrochloride
NCT01225874,Dexamethasone
NCT01225874,Methotrexate
NCT01225874,Pegaspargase
NCT01225874,Prednisone
NCT01225874,vincristine sulfate
NCT00004172,Filgrastim
NCT00004172,Carboplatin
NCT00004172,Cyclophosphamide
NCT00004172,Ifosfamide
NCT00004172,Thiotepa
NCT00004172,Peripheral Blood Stem Cell Transplantation
NCT00004172,Radiation Therapy
NCT00004173,Oxaliplatin
NCT00004173,Paclitaxel
NCT00003810,Docetaxel
NCT00003810,gemcitabine hydrochloride
NCT00563862,Conventional Radiotherapy
NCT00563862,Accelerated Radiation Therapy
NCT00563862,Cisplatin
NCT00563862,Fluorouracil
NCT00004158,Melphalan
NCT00004158,Peripheral Blood Stem Cell Transplantation
NCT00004158,Ho 166 DOTMP
NCT00003645,Flutamide
NCT00003645,leuprolide acetate
NCT00003779,BCG vaccine
NCT00003664,Aldesleukin
NCT00003664,Interferon alpha-2b
NCT00003664,Fluorouracil
NCT00003664,gemcitabine hydrochloride
NCT00003682,doxorubicin hydrochloride
NCT00003682,Methylprednisolone
NCT00004202,Carboplatin
NCT00004202,Chemotherapy
NCT00004202,Efaproxiral
NCT00004202,Paclitaxel
NCT00004202,Radiation Therapy
NCT00003447,gemcitabine hydrochloride
NCT00003447,vinorelbine tartrate
NCT00003463,Carmustine
NCT00003463,irinotecan hydrochloride
NCT00003463,Polifeprosan 20
NCT00003463,Surgical Procedure
NCT00003687,dextromethorphan hydrobromide
NCT00003687,morphine sulfate
NCT00003239,Interferon alpha-2b
NCT00003239,Cytarabine
NCT00003239,Omacetaxine mepesuccinate
NCT00003210,Edodekin alfa
NCT00003210,Laboratory Biomarker Analysis
NCT00003193,Amifostine
NCT00003193,Paclitaxel
NCT00003193,Conventional Surgery
NCT00003193,Radiation Therapy
NCT00003357,GM2-KLH Vaccine
NCT00003357,QS 21
NCT00003128,Filgrastim
NCT00003128,Ifosfamide
NCT00003128,Paclitaxel
NCT00004162,Sargramostim
NCT00004162,Methotrexate
NCT00004162,Pegylated liposomal doxorubicin
NCT00004162,vincristine sulfate
NCT00001626,Antithymocyte globulin
NCT00001626,Cyclophosphamide
NCT00001626,Cyclosporin
NCT00003261,Methotrexate
NCT00003261,Zidovudine
NCT00003261,Neoadjuvant Therapy
NCT00003261,Radiation Therapy
NCT00019214,MART-1 Antigen
NCT00019214,Aldesleukin
NCT00019214,gp100 Antigen
NCT00154726,Paclitaxel
NCT00002990,BCG vaccine
NCT00003495,Antineoplaston-A10
NCT00003495,Antineoplaston-AS2-1
NCT00001449,Gemcitabine
NCT00001449,Floxuridine
NCT00001449,Folinic acid
NCT00002865,Filgrastim
NCT00002865,Cyclophosphamide
NCT00002865,Cytarabine
NCT00002865,Dexamethasone
NCT00002865,doxorubicin hydrochloride
NCT00002865,Etoposide
NCT00002865,Ifosfamide
NCT00002865,leucovorin calcium
NCT00002865,Mesna
NCT00002865,Methotrexate
NCT00002865,Hydrocortisone
NCT00002865,vincristine sulfate
NCT00002865,Low-LET Cobalt-60 Gamma Ray Therapy
NCT00002865,Low-LET Photon Therapy
NCT00869284,Cyclophosphamide
NCT00869284,Epirubicin
NCT00869284,Vindesine
NCT00869284,Prednisone
NCT00869284,Mitoxantrone
NCT00869284,Cytarabine
NCT00869284,Total-Body Irradiation
NCT00869284,Carmustine
NCT00869284,Etoposide
NCT00869284,Peripheral Blood Stem Cell
NCT00002551,Fluorouracil
NCT00002551,leucovorin calcium
NCT00002551,levamisole hydrochloride
NCT00002551,Radiation Therapy
NCT00001398,Ancestim
NCT00003364,Cisplatin
NCT00003364,Cyclophosphamide
NCT00003364,doxorubicin hydrochloride
NCT00003364,Etoposide
NCT00003364,vincristine sulfate
NCT00003364,Radiation Therapy
NCT00002844,Cyclophosphamide
NCT00002844,Allogeneic Bone Marrow Transplantation
NCT00002844,Autologous Bone Marrow Transplantation
NCT00002844,Total-Body Irradiation
NCT00002844,Bone Marrow Transplantation
NCT00002456,Cyclosporin
NCT00002456,Methotrexate
NCT00002456,Allogeneic Bone Marrow Transplantation
NCT00000660,Etoposide
NCT00002003,mitoxantrone hydrochloride
NCT00002003,Etoposide
NCT00041691,Labetuzumab Y-90
NCT00365755,Carboplatin
NCT00365755,Cisplatin
NCT00365755,Cyclophosphamide
NCT00365755,Etoposide
NCT00365755,Melphalan
NCT00365755,vincristine sulfate
NCT00365755,Autologous Bone Marrow Transplantation
NCT00365755,Conventional Surgery
NCT01410708,Dasatinib
