nct_id,indication
NCT06669572,Anorectal Cancer
NCT06669572,Epithelial Neoplasm
NCT06883552,Thoracic Neoplasm
NCT06366490,Ovarian Cancer
NCT06835387,Small Intestinal Adenocarcinoma
NCT06896188,Pancreatic Cancer
NCT06822972,Multiple Myeloma
NCT06822972,Multiple Myeloma
NCT06906562,Pancreatic Cancer
NCT06906562,FGFR Mutation
NCT06906562,Renal Cell Carcinoma
NCT06906562,FGFR2 Gene Translocation
NCT06906562,Pancreatic Cancer
NCT06906562,Epithelial Neoplasm
NCT06328036,Glioblastoma
NCT06066138,Soft Tissue Sarcoma
NCT06066138,Soft Tissue Sarcoma
NCT06066138,Non-Small Cell Lung Cancer
NCT06066138,Epithelial Neoplasm
NCT06066138,Neuroendocrine Carcinoma
NCT06066138,Epithelial Neoplasm
NCT06066138,Hepatocellular Carcinoma
NCT06066138,Hepatocellular Carcinoma
NCT06066138,Skin Melanoma
NCT06066138,Metastatic Melanoma
NCT06908031,Osteosarcoma
NCT06908031,MSS
NCT06908031,Rectal Carcinoma
NCT06912152,Peritoneal Malignant Mesothelioma
NCT05903833,Vulvar Carcinoma
NCT05903833,Vulvar Carcinoma
NCT05903833,Vulvar Carcinoma
NCT05903833,Vulvar Carcinoma
NCT06364267,Breast Cancer
NCT06508931,Hematology
NCT06517017,Multiple Myeloma
NCT06517017,Plasma Cell Leukemia
NCT06887803,Primary Myelofibrosis
NCT06882746,Colorectal Cancer
NCT06882746,Gastric Cancer
NCT06882746,Pancreatic Cancer
NCT06682637,Multiple Myeloma
NCT06914128,Solid Tumors
NCT06728072,Colorectal Cancer
NCT06728072,Colorectal Cancer
NCT06417190,Glioma
NCT06417190,Muscle Invasive Bladder Cancer
NCT06834672,Fallopian Tube Cancer
NCT06834672,Ovarian Cancer
NCT06834672,Primary Peritoneal Cancer
NCT06856200,HER2-Negative Breast Cancer
NCT06856200,Endocrine Neoplasm
NCT06560879,Thoracic Neoplasm
NCT06560879,Probiotics
NCT06560879,Gastrointestinal Diseases
NCT06801730,Glioma
NCT06851247,Nasopharyngeal Cancer
NCT06352866,Multiple Myeloma
NCT06352866,Cytokine Release Syndrome
NCT06352866,Multiple Myeloma
NCT06352866,Immune Effector Cell Associated Neurotoxicity Syndrome
NCT06744894,Multiple Myeloma
NCT06772428,Head and Neck Squamous Cell Carcinoma
NCT06772428,Underwent Surgery Within 6 Weeks and Postoperative Assessment Indicated High-risk Factors
NCT06720324,Hematology
NCT06735131,Triple-Negative Breast Cancer
NCT06730932,Clear Cell Renal Cell Carcinoma
NCT06667908,Non-Small Cell Lung Cancer
NCT06700395,Multiple Myeloma
NCT06749886,Thoracic Neoplasm
NCT06171685,Multiple Myeloma
NCT06171685,Multiple Myeloma
NCT06682611,Solid Tumors
NCT06647563,Head and Neck Squamous Cell Carcinoma
NCT06673693,Head and Neck Squamous Cell Carcinoma
NCT06673693,Head and Neck Squamous Cell Carcinoma
NCT06217536,Soft Tissue Sarcoma
NCT06613152,Solid Tumors
NCT06490536,Colon Carcinoma
NCT06490536,Colon Carcinoma
NCT06253637,T-cell acute lymphoblastic leukemia
NCT06578286,Breast Cancer
NCT06519370,Triple-Negative Breast Cancer
NCT06261814,Liver Cancer
NCT06416410,Lung Non-Squamous Non-Small Cell Carcinoma
NCT06416410,Lung Non-Squamous Non-Small Cell Carcinoma
NCT06549595,Follicular Lymphoma
NCT06509568,Esophageal Cancer
NCT06080165,PTEN Gene Mutation
NCT06080165,PTEN Hamartoma Tumor Syndrome
NCT06080165,PTEN Hamartoma Syndrome
NCT06525948,Aplastic Anemia
NCT06525948,Transfusion-dependent Anemia
NCT06444412,WHO Grade 3 Glioma
NCT06444412,WHO Grade 4 Glioma
NCT06562920,Small Cell Lung Cancer
NCT06260033,Breast Cancer
NCT06260033,Hormone Receptor-Positive Breast Cancer
NCT06260033,Breast Cancer
NCT05901194,Hepatocellular Carcinoma
NCT06734182,Non-Small Cell Lung Cancer
NCT06422156,Pancreatic Cancer
NCT06881537,Epithelial Neoplasm
NCT06332430,Solid Tumors
NCT06332430,Hematology
NCT06402383,Cervical Cancer
NCT06408194,Leukemia
NCT06408194,Acute Lymphoblastic Leukemia
NCT06428682,Breast Cancer
NCT06428682,"Blood Loss, Surgical"
NCT06300320,Chronic Graft Versus Host Disease
NCT06255379,Colorectal Cancer
NCT06255379,Colon Carcinoma
NCT06255379,Rectal Carcinoma
NCT06358638,Sickle Cell Disease
NCT06494514,Pancreatic Cancer
NCT06271551,Prostate Cancer
NCT06297226,Multiple Myeloma
NCT06432296,Malignant Ascites
NCT06099366,Acute Lymphoblastic Leukemia
NCT05679921,Soft Tissue Sarcoma
NCT05735028,Thoracic Neoplasm
NCT06329999,Acute Myeloid Leukemia
NCT06329999,Myelodysplastic Syndrome
NCT06329999,Acute Myeloid Leukemia
NCT06208462,Intrahepatic Cholangiocarcinoma
NCT05967182,Bile Duct Cancer
NCT06440811,Gastric Cancer
NCT06440811,Immune-related Adverse Event
NCT06440811,Chemotherapeutic Toxicity
NCT05567770,Prostate Cancer
NCT06077760,Non-Small Cell Lung Cancer
NCT06132438,Glioblastoma
NCT05995041,Acute Myeloid Leukemia
NCT06017323,Pancreatic Cancer
NCT06109207,Head and Neck Squamous Cell Carcinoma
NCT06081595,Ovarian Cancer
NCT06109064,Myelodysplastic Syndrome
NCT06008119,Colorectal Cancer
NCT06321887,Inflammatory Bowel Disease
NCT06321887,Iron-Deficiency Anemia
NCT05863195,Colorectal Cancer
NCT05863195,Liver Cancer
NCT05863195,Colorectal Cancer
NCT05863195,Colorectal Cancer
NCT05318469,Breast Cancer
NCT05318469,Triple-Negative Breast Cancer
NCT06080893,Anemia
NCT06080893,"Complication,Postoperative"
NCT06080893,Hip Fractures
NCT05888844,Skin Squamous Cell Carcinoma
NCT06092957,Nasopharyngeal Cancer
NCT06092957,De-escalation Therapy
NCT06045689,Myelodysplastic Syndrome
NCT05786573,Warm Autoimmune Hemolytic Anemia
NCT06057168,Central Nervous System Neoplasm
NCT06057168,Central Nervous System Neoplasm
NCT06015568,Non-Small Cell Lung Cancer
NCT06020833,Myelodysplastic Syndrome
NCT06809426,Castration-Resistant Prostate Carcinoma
NCT03529448,Glioblastoma
NCT05907304,Solid Tumors
NCT05918250,Multiple Myeloma
NCT05453396,Post-Transplant Lymphoproliferative Disorder
NCT05453396,B-Cell Non-Hodgkin Lymphoma
NCT05453396,Diffuse Large B-Cell Lymphoma
NCT05453396,Follicular Lymphoma
NCT05453396,Mantle Cell Lymphoma
NCT05453396,Post-Transplant Lymphoproliferative Disorder
NCT05453396,Mantle Cell Lymphoma
NCT05453396,Post-Transplant Lymphoproliferative Disorder
NCT05453396,B-Cell Non-Hodgkin Lymphoma
NCT05453396,Diffuse Large B-Cell Lymphoma
NCT05453396,Follicular Lymphoma
NCT05553041,Glioma
NCT05553041,High-Grade Glioma
NCT05553041,High-Grade Glioma
NCT05553041,Glioma
NCT05553041,Glioma
NCT06041425,Hepatocellular Carcinoma
NCT06041425,Leiomyosarcoma
NCT06041425,Connective and Soft Tissue Neoplasm
NCT06041425,Inflammation
NCT05770531,HER2-Negative Breast Cancer
NCT05770531,Triple-Negative Breast Cancer
NCT06007846,Hepatocellular Carcinoma
NCT06007846,Cirrhosis
NCT05954312,Solid Tumors
NCT05777278,Non-Small Cell Lung Cancer
NCT05850234,Multiple Myeloma
NCT05687110,Solid Tumors
NCT05687110,Solid Tumors
NCT05961696,Acute Lymphoblastic Leukemia
NCT05751265,Gastric Cancer
NCT05443425,Hematology
NCT05443425,Acute Graft Versus Host Disease
NCT05812807,Breast Cancer
NCT05812807,Breast Cancer
NCT05812807,Breast Cancer
NCT05812807,Triple-Negative Breast Cancer
NCT05926960,Male Reproductive System Neoplasm
NCT05443464,Acute Graft Versus Host Disease
NCT05894837,Colorectal Cancer
NCT05894837,Liver Cancer
NCT05400902,Intrahepatic Cholangiocarcinoma
NCT05885464,T Lymphoblastic Lymphoma
NCT05885464,Hematology
NCT05885464,Acute Lymphoblastic Leukemia
NCT05976997,"Peripheral T-Cell Lymphoma, Not Otherwise Specified"
NCT05716516,Brain Metastasis
NCT05139056,Anaplastic Astrocytoma
NCT05139056,WHO Grade 3 Glioma
NCT05139056,Anaplastic Oligodendroglioma
NCT05139056,Glioblastoma
NCT05139056,Gliosarcoma
NCT05139056,High-Grade Glioma
NCT05139056,WHO Grade 2 Glioma
NCT05139056,WHO Grade 3 Glioma
NCT05848999,Solid Tumors
NCT05843448,Muscle Invasive Bladder Cancer
NCT05843448,Urothelial Carcinoma
NCT05843448,Urothelial Carcinoma
NCT05843448,Bladder Cancer
NCT05701709,Solid Tumors
NCT05371054,Hematology
NCT05371054,Non-Hodgkin Lymphoma
NCT05371054,Non-Hodgkin Lymphoma
NCT05371054,Hematology
NCT05371054,Leukemia
NCT05754801,Cancer
NCT05754801,Palliative Care
NCT05744921,Paroxysmal Nocturnal Hemoglobinuria
NCT05661591,Malignant Tumor
NCT05715398,Non-Small Cell Lung Cancer
NCT05675813,T-Cell Non-Hodgkin Lymphoma
NCT05716113,Neoplasms
NCT05716113,Hematology
NCT05716113,Hematology
NCT05716113,Hematology
NCT05784870,Hematology
NCT05784870,Cancer-Related Anemia
NCT05722795,Breast Cancer
NCT05722795,Triple-Negative Breast Cancer
NCT05870995,Leukemia
NCT05679258,Multiple Myeloma
NCT05603559,Castration-Resistant Prostate Carcinoma
NCT05608785,Gastric Cancer
NCT05608785,Gastroesophageal Junction Cancer
NCT05668767,Extensive Stage Lung Small Cell Carcinoma
NCT05669807,Second Line Treatment of Gastric Cancer
NCT05990998,Tumor Positron-Emission Tomography
NCT06350838,Muscle Invasive Bladder Cancer
NCT05198843,Breast Cancer
NCT05198843,Triple-Negative Breast Cancer
NCT05208762,Non-Small Cell Lung Cancer
NCT05208762,Head and Neck Squamous Cell Carcinoma
NCT05208762,Esophageal Cancer
NCT05208762,Female Reproductive System Neoplasm
NCT05208762,Male Reproductive System Neoplasm
NCT05208762,Triple-Negative Breast Cancer
NCT05208762,Gastric Cancer
NCT05425862,Castration-Resistant Prostate Carcinoma
NCT04892277,B-Cell Non-Hodgkin Lymphoma
NCT04892277,Chronic Lymphocytic Leukemia
NCT04892277,Small Lymphocytic Lymphoma
NCT04892277,Chronic Lymphocytic Leukemia
NCT04892277,B-Cell Non-Hodgkin Lymphoma
NCT04892277,Chronic Lymphocytic Leukemia
NCT04892277,Small Lymphocytic Lymphoma
NCT04892277,Chronic Lymphocytic Leukemia
NCT05521412,Prostate Cancer
NCT05521412,Castration-Resistant Prostate Carcinoma
NCT05489731,Non-Small Cell Lung Cancer
NCT05480449,Acute Lymphoblastic Leukemia
NCT05480449,B-Cell Non-Hodgkin Lymphoma
NCT05285358,Extrahepatic Cholangiocarcinoma
NCT05285358,Gallbladder Carcinoma
NCT05285358,Intrahepatic Cholangiocarcinoma
NCT05285358,Peritoneal and Retroperitoneal Neoplasm
NCT05285358,Extrahepatic Bile Duct Carcinoma
NCT05285358,Liver Cancer
NCT05285358,Intrahepatic Cholangiocarcinoma
NCT05285358,Gallbladder Carcinoma
NCT05322135,Head and Neck Squamous Cell Carcinoma
NCT05322135,Head and Neck Neoplasm
NCT05496231,Intraepithelial Neoplasia
NCT05779514,Solid Tumors
NCT05111574,Acral Melanoma
NCT05111574,Urinary System Neoplasm
NCT05111574,Female Reproductive System Neoplasm
NCT05111574,Digestive System Neoplasm
NCT05111574,Digestive System Neoplasm
NCT05111574,Head and Neck Neoplasm
NCT05111574,Head and Neck Neoplasm
NCT05111574,Urinary System Neoplasm
NCT05111574,Head and Neck Neoplasm
NCT05111574,Head and Neck Neoplasm
NCT05111574,Male Reproductive System Neoplasm
NCT05111574,Digestive System Neoplasm
NCT05111574,Recurrent Mucosal Melanoma
NCT05111574,Head and Neck Neoplasm
NCT05111574,Vulvar Carcinoma
NCT05111574,Vulvar Carcinoma
NCT05111574,Vulvar Carcinoma
NCT05111574,Urinary System Neoplasm
NCT05111574,Female Reproductive System Neoplasm
NCT05111574,Vulvar Melanoma
NCT05491512,Female Reproductive System Neoplasm
NCT05491512,Head and Neck Neoplasm
NCT05491512,Oropharyngeal Cancer
NCT05491512,Oropharyngeal Cancer
NCT05491512,Human Papilloma Virus
NCT06469138,Non-Small Cell Lung Cancer
NCT06469138,Metastatic Melanoma
NCT06469138,Acute Myeloid Leukemia
NCT06469138,Myelodysplastic Syndrome
NCT06469138,Pancreatic Cancer
NCT06469138,Glioblastoma
NCT06469138,Pleural Malignant Mesothelioma
NCT06469138,COVID-19
NCT05463601,Brain Metastasis
NCT05406466,Male Reproductive System Neoplasm
NCT05465343,Furmonertinib
NCT05465343,Lung Adenocarcinoma
NCT05465343,Non-Small Cell Lung Cancer
NCT05465343,Brain Metastasis
NCT05480865,Epithelial Neoplasm
NCT05480865,Solid Tumors
NCT05480865,Metastatic NSCLC
NCT05480865,Non-Small Cell Lung Cancer
NCT04978727,Medulloblastoma
NCT04978727,Glioblastoma
NCT04978727,Anaplastic Astrocytoma
NCT04978727,Anaplastic Astrocytoma
NCT04978727,Anaplastic Oligodendroglioma
NCT04978727,WHO Grade 3 Glioma
NCT04978727,Ependymoma
NCT04978727,Diffuse Intrinsic Pontine Glioma
NCT05186545,Breast Cancer
NCT05186545,Breast Cancer
NCT05381038,Solid Tumors
NCT05381038,Digestive System Neoplasm
NCT05381038,Breast Cancer
NCT05429398,Solid Tumors
NCT05362409,High-Grade Glioma
NCT04655391,Acute Myeloid Leukemia
NCT05600309,Colorectal Cancer
NCT05085054,Non-Small Cell Lung Cancer
NCT05389293,Follicular Lymphoma
NCT05389293,Hematology
NCT05393804,Multiple Myeloma
NCT05479812,Solid Tumors
NCT05479812,Solid Tumors
NCT05055063,Multiple Myeloma
NCT05263999,Graft Versus Host Disease
NCT05263999,Graft Versus Host Disease
NCT05263999,Acute Graft Versus Host Disease
NCT05263999,Acute Graft Versus Host Disease
NCT05263999,aGVHD
NCT05135715,Skin Melanoma
NCT05135715,HER2-Positive Breast Cancer
NCT05135715,Skin Melanoma
NCT05198934,Colorectal Cancer
NCT05397184,T-cell acute lymphoblastic leukemia
NCT05327582,Pancreatic Cancer
NCT05327582,Biliary Tract Cancer
NCT05317325,Esophageal Cancer
NCT04826016,Breast Cancer
NCT05315700,Solid Tumors
NCT05024305,Solid Tumors
NCT05081193,Prostate Cancer
NCT05081193,Castration-Resistant Prostate Carcinoma
NCT05081193,Castration-Resistant Prostate Carcinoma
NCT05231850,Colon Carcinoma
NCT05296772,Digestive System Neoplasm
NCT05296772,"Neoplasm, Experimental"
NCT05296772,Epithelial Neoplasm
NCT05296772,Hematology
NCT05302921,Osteosarcoma
NCT05302921,Ewing Sarcoma
NCT05302921,Rhabdomyosarcoma
NCT05302921,Relapsed Pediatric Solid Tumor
NCT05302921,Solid Tumors
NCT05302921,Male Reproductive System Neoplasm
NCT05302921,Liver Cancer
NCT05302921,Hepatocellular Carcinoma
NCT05302921,Kidney Wilms Tumor
NCT05302921,Kidney Wilms Tumor
NCT05636566,Epithelial Neoplasm
NCT05636566,Follicular Lymphoma
NCT05204628,Non-Small Cell Lung Cancer
NCT04119830,Colorectal Cancer
NCT04119830,Colon Carcinoma
NCT04119830,Mismatch Repair Proficient
NCT04119830,Colorectal Cancer
NCT04119830,Colorectal Cancer
NCT04119830,Colorectal Cancer
NCT04119830,Colorectal Cancer
NCT04119830,Colorectal Cancer
NCT04119830,Colorectal Cancer
NCT04119830,Colorectal Cancer
NCT04119830,Colorectal Cancer
NCT04119830,Colorectal Cancer
NCT04119830,Colorectal Cancer
NCT04591028,Gastric Cancer
NCT05239182,Pancreatic Cancer
NCT04965077,Solid Tumors
NCT05305859,Acute Myeloid Leukemia
NCT05305859,Acute Myeloid Leukemia
NCT05305859,Leukemia
NCT05111366,Hepatocellular Carcinoma
NCT05111366,Adjuvant Therapy
NCT04956276,Warm Autoimmune Hemolytic Anemia
NCT05796089,Extensive Stage Lung Small Cell Carcinoma
NCT05183958,Esophageal Cancer
NCT05067283,Solid Tumors
NCT05078671,Cancer
NCT05170334,Uveal Melanoma
NCT04372927,Non-Small Cell Lung Cancer
NCT04372927,Thoracic Neoplasm
NCT04372927,Thoracic Neoplasm
NCT04372927,Thoracic Neoplasm
NCT04372927,Thoracic Neoplasm
NCT05155189,Hepatocellular Carcinoma
NCT04837196,Solid Tumors
NCT04837196,Digestive System Neoplasm
NCT05114720,Breast Cancer
NCT05001347,Ovarian Cancer
NCT05001347,Ovarian Cancer
NCT05001347,Head and Neck Neoplasm
NCT05001347,Non-Small Cell Lung Cancer
NCT05001347,Digestive System Neoplasm
NCT05001347,Triple-Negative Breast Cancer
NCT04999540,Breast Cancer
NCT05627778,Prostate Cancer
NCT04337177,Solid Tumors
NCT04337177,Kidney Wilms Tumor
NCT04337177,Rhabdomyosarcoma
NCT04337177,Ewing Sarcoma
NCT04337177,Liver Cancer
NCT04337177,Medulloblastoma
NCT04891809,Multiple Myeloma
NCT05061537,Renal Cell Carcinoma
NCT05061537,Male Reproductive System Neoplasm
NCT05061537,Non-Small Cell Lung Cancer
NCT05061537,Hepatocellular Carcinoma
NCT05061537,Bladder Cancer
NCT05061537,Sarcoma
NCT05061537,Head and Neck Neoplasm
NCT05061537,Colorectal Cancer
NCT05061537,Ovarian Cancer
NCT05061537,Epithelial Neoplasm
NCT05083481,Solid Tumors
NCT05008224,Classic Hodgkin Lymphoma
NCT04933903,Non-Small Cell Lung Cancer
NCT04982900,Multiple Primary Lung Cancers
NCT04278651,Pregnancy Related
NCT04278651,"Anemia, Iron Deficiency"
NCT04278651,Anemia of Pregnancy
NCT04985851,Extensive Stage Lung Small Cell Carcinoma
NCT04003896,Biliary Tract Cancer
NCT05017012,Solid Tumors
NCT05039931,Breast Cancer
NCT05039931,Solid Tumors
NCT05002270,Solid Tumors
NCT05002270,Non-Small Cell Lung Cancer
NCT05002270,Colorectal Cancer
NCT05103891,Male Reproductive System Neoplasm
NCT05103891,BRAF V600 Mutation
NCT05103891,Uveal Melanoma
NCT05103891,Metastatic Melanoma
NCT05078138,Exercise-Induced Anemia
NCT05078138,Physical Performance
NCT04826107,Gastric Cancer
NCT04955886,Nasopharyngeal Cancer
NCT04807166,Female Reproductive System Neoplasm
NCT04807166,Female Reproductive System Neoplasm
NCT04807166,Hematology
NCT04807166,Female Reproductive System Neoplasm
NCT04807166,Female Reproductive System Neoplasm
NCT04807166,Neoplasms by Histologic Type
NCT04807166,Female Reproductive System Neoplasm
NCT04807166,Female Reproductive System Neoplasm
NCT04807166,Female Reproductive System Neoplasm
NCT04807166,Endocrine Neoplasm
NCT04807166,Epithelial Neoplasm
NCT04807166,Anlotinib
NCT04807166,Angiogenesis
NCT04807166,Antineoplastic Agents
NCT04807166,Tyrosine Kinase Inhibitor
NCT04877613,Thyroid Cancer
NCT05075122,Head and Neck Squamous Cell Carcinoma
NCT04517227,Hepatocellular Carcinoma
NCT04924101,Small Cell Lung Cancer
NCT04898634,Male Reproductive System Neoplasm
NCT04906395,Breast Cancer
NCT04937972,Non-Small Cell Lung Cancer
NCT04946890,Acute Myeloid Leukemia
NCT04961788,Intrahepatic Cholangiocarcinoma
NCT04846920,Non-Clear Cell Renal Cell Carcinoma
NCT04808570,Hematology
NCT04717531,Breast Cancer
NCT04878692,Non-Small Cell Lung Cancer
NCT04878692,Digestive System Neoplasm
NCT04878692,Head and Neck Neoplasm
NCT04938297,Central Nervous System Lymphoma
NCT04902885,Extensive Stage Lung Small Cell Carcinoma
NCT06669013,Rhabdomyosarcoma
NCT06669013,Bone Sarcoma
NCT06669013,Rhabdomyosarcoma
NCT04690595,Acute Lymphoblastic Leukemia
NCT05893654,Uveal Melanoma
NCT04912765,Hepatocellular Carcinoma
NCT04912765,Hepatocellular Carcinoma
NCT04912765,Colorectal Cancer
NCT04912765,Colorectal Cancer
NCT04912765,Liver Cancer
NCT04511078,Head and Neck Neoplasm
NCT04868747,Gastric Cancer
NCT04954001,Neurofibromatosis
NCT04954001,Neurofibroma
NCT04954001,Malignant Peripheral Nerve Sheath Tumor
NCT04649476,Lip and Oral Cavity Cancer
NCT04965155,Multiple Myeloma
NCT04731467,Solid Tumors
NCT04731467,Non-Small Cell Lung Cancer
NCT04731467,Pancreatic Cancer
NCT04731467,Ovarian Cancer
NCT04731467,Thyroid Gland Papillary Carcinoma
NCT04731467,Male Reproductive System Neoplasm
NCT04731467,Colorectal Cancer
NCT04749394,Non-Small Cell Lung Cancer
NCT04508309,Cervical Cancer
NCT04923529,Pancreatic Cancer
NCT04721015,Solid Tumors
NCT04721015,Non-Small Cell Lung Cancer
NCT05143112,B-Cell Non-Hodgkin Lymphoma
NCT04709731,Chronic Leukemia
NCT04688983,Acute Lymphoblastic Leukemia
NCT04471974,Castration-Resistant Prostate Carcinoma
NCT04471974,Prostate Cancer
NCT04471974,Prostate Neuroendocrine Carcinoma
NCT04471974,Prostate Cancer
NCT04471974,Prostate Cancer
NCT04471974,Prostate Cancer
NCT04640246,Cancer
NCT04640246,Solid Tumors
NCT04640246,Testicular Germ Cell Cancer
NCT04942730,Acute Lymphoblastic Leukemia
NCT04942730,Acute Myeloid Leukemia
NCT04942730,Acute Leukemia
NCT04942730,T Lymphoblastic Lymphoma
NCT04942730,Myelodysplastic Syndrome
NCT04942730,Myeloproliferative Neoplasm
NCT04943757,Acute Myeloid Leukemia
NCT04943757,Chronic Myeloid Leukemia
NCT04943757,Myelodysplastic Syndrome
NCT04943757,Myeloproliferative Neoplasm
NCT04890392,Gastric Cancer
NCT04890392,Gastroesophageal Junction Cancer
NCT05906615,Pancreatic Cancer
NCT05906615,Chronic Pancreatitis
NCT04634071,Smoking Cessation
NCT04634071,Leukemia
NCT04605185,Hepatocellular Carcinoma
NCT05549778,Castration-Resistant Prostate Carcinoma
NCT04622566,Head and Neck Neoplasm
NCT04622566,Neoadjuvant Treatment
NCT04686383,Solid Tumors
NCT04493060,Pancreatic Cancer
NCT04493060,Pancreatic Cancer
NCT04683354,Epithelial Neoplasm
NCT04650451,HER-2 Gene Amplification
NCT04650451,HER2-positive Gastric Cancer
NCT04650451,HER2-Positive Breast Cancer
NCT04650451,HER-2 Protein Overexpression
NCT04650451,Epithelial Neoplasm
NCT05304754,High-risk Leukemias
NCT04532281,Acute Lymphoblastic Leukemia
NCT04532281,Non-Hodgkin Lymphoma
NCT04602689,Gastric Cancer
NCT04602689,Digestive System Neoplasm
NCT04501094,Urothelial Carcinoma
NCT04225676,Acute Lymphoblastic Leukemia
NCT04614636,Acute Myeloid Leukemia
NCT04614636,Acute Myeloid Leukemia
NCT04614636,Multiple Myeloma
NCT04614636,Multiple Myeloma
NCT04604132,Gastric Cancer
NCT04592653,Solid Tumors
NCT04584008,Biliary Tract Cancer
NCT04584008,Gastric Cancer
NCT04584008,Esophageal Cancer
NCT04584008,Colorectal Cancer
NCT04584008,Gastrointestinal Stromal Tumor
NCT04584008,Pancreatic Cancer
NCT04584008,Neuroendocrine Tumors
NCT04584008,Carcinoma of Unknown Primary
NCT04584008,Digestive System Neoplasm
NCT04552769,Thyroid Cancer
NCT04552769,Thyroid Gland Anaplastic Carcinoma
NCT04552769,Thyroid Gland Anaplastic Carcinoma
NCT04566380,Pan-tumor
NCT04459663,Non-Small Cell Lung Cancer
NCT04512417,Esophageal Cancer
NCT04398108,HER2-Positive Breast Cancer
NCT04189107,Analgesia
NCT04189107,Surgery
NCT04189107,Head and Neck Neoplasm
NCT04189107,Oropharyngeal Cancer
NCT04189107,Carcinoma of Unknown Primary
NCT04189107,"Pain, Postoperative"
NCT04189107,Postoperative Pain
NCT04344158,Hepatocellular Carcinoma
NCT04435197,Esophageal Cancer
NCT05513612,Acute Myeloid Leukemia
NCT05513612,B-Cell Non-Hodgkin Lymphoma
NCT05513612,Multiple Myeloma
NCT05513612,Adult T-Cell Leukemia/Lymphoma
NCT05513612,Acute Lymphoblastic Leukemia
NCT04493125,Gastric Cancer
NCT04379739,Non-Small Cell Lung Cancer
NCT04469075,Glioblastoma
NCT04469075,Glioblastoma
NCT04469075,Skin Toxicity
NCT04433221,Sarcoma
NCT04433221,Osteoid Sarcoma
NCT04433221,Ewing Sarcoma
NCT06540937,Neuroendocrine Tumors
NCT04329949,Pancreatic Cancer
NCT04427774,Solid Tumors
NCT04992988,Nasopharyngeal Cancer
NCT04992988,Toripalimab
NCT04992988,Nasopharyngeal Cancer
NCT04314089,Non-Small Cell Lung Cancer
NCT04400383,Solid Tumors
NCT04400383,Gastric Cancer
NCT04400383,Pancreatic Cancer
NCT04429438,B-Cell Non-Hodgkin Lymphoma
NCT04383977,Ovarian Cancer
NCT04334174,T-Cell Non-Hodgkin Lymphoma
NCT04275713,Cervical Cancer
NCT04426669,Epithelial Neoplasm
NCT04426669,Digestive System Neoplasm
NCT04426669,Digestive System Neoplasm
NCT04426669,Digestive System Neoplasm
NCT04426669,Digestive System Neoplasm
NCT04426669,Colorectal Cancer
NCT04426669,Pancreatic Cancer
NCT04426669,Gallbladder Carcinoma
NCT04426669,Colon Carcinoma
NCT04426669,Esophageal Cancer
NCT04426669,Gastric Cancer
NCT04272957,Acute Myeloid Leukemia
NCT04186845,Prostate Cancer
NCT04353102,Solid Tumors
NCT04279561,Castration-Resistant Prostate Carcinoma
NCT04279561,Prostate Cancer
NCT04279561,Prostate Cancer
NCT04279561,Prostate Cancer
NCT04279561,Prostate Cancer
NCT04134884,Brain Metastasis
NCT04134884,Triple-Negative Breast Cancer
NCT04134884,Hormone Receptor-Positive Breast Cancer
NCT04102020,Acute Myeloid Leukemia
NCT03996473,Non-Small Cell Lung Cancer
NCT04319263,Bladder Cancer
NCT05999994,Neoplasms
NCT05999994,Child
NCT05999994,Rhabdomyosarcoma
NCT04192253,"Locally Advanced, Squamous Cell Carcinoma of the Vulva"
NCT04187456,Solid Tumors
NCT04132050,Idiopathic Thrombocytopenic Purpura
NCT04193904,Pancreatic Cancer
NCT04187352,Esophageal Cancer
NCT04200417,Thoracic Neoplasm
NCT04200417,Rare Neoplasm
NCT04200417,Thoracic Neoplasm
NCT04200417,Thoracic Neoplasm
NCT03935893,Gastric Cancer
NCT03935893,Colorectal Cancer
NCT03935893,Pancreatic Cancer
NCT03935893,Sarcoma
NCT03935893,Mesothelioma
NCT03935893,Neuroendocrine Tumors
NCT03935893,Epithelial Neoplasm
NCT03935893,Merkel Cell Carcinoma
NCT03935893,Mismatch Repair Deficiency
NCT03935893,Microsatellite Instability
NCT04133337,Lung Diseases
NCT04133337,Neoplasms
NCT04133337,Respiratory Tract Diseases
NCT04133337,Thoracic Neoplasm
NCT04133337,Non-Small Cell Lung Cancer
NCT03984448,Double-Hit Lymphoma
NCT03984448,Transformed Indolent B-Cell Non-Hodgkin Lymphoma to Diffuse Large B-Cell Lymphoma
NCT03984448,Diffuse Large B-Cell Lymphoma
NCT03984448,Diffuse Large B-Cell Lymphoma
NCT03984448,Diffuse Large B-Cell Lymphoma
NCT03984448,Diffuse Large B-Cell Lymphoma
NCT03984448,Double-Hit Lymphoma
NCT03984448,High Grade B-Cell Lymphoma
NCT04865289,Female Reproductive System Neoplasm
NCT04074187,Thrombotic Thrombocytopenic Purpura
NCT03994796,CDK Gene Mutation
NCT03994796,Brain Metastasis
NCT03994796,Solid Tumors
NCT03994796,Connective and Soft Tissue Neoplasm
NCT03994796,PI3K Gene Mutation
NCT03994796,ROS1 Gene Mutation
NCT03994796,KRAS G12C Mutation
NCT03857841,Bronchopulmonary Dysplasia
NCT03792763,Multiple Myeloma
NCT04277221,Glioblastoma
NCT04050462,Hepatocellular Carcinoma
NCT04021368,Acute Myeloid Leukemia
NCT04021368,Myelodysplastic Syndrome
NCT04139772,Castration-Resistant Prostate Carcinoma
NCT04043494,Non-Hodgkin Lymphoma
NCT04439890,Lung Non-Squamous Non-Small Cell Carcinoma
NCT05585645,Anemia
NCT05585645,Chronic Kidney Disease Requiring Chronic Dialysis
NCT03892018,Epithelial Neoplasm
NCT03984097,Multiple Myeloma
NCT03977194,Epithelial Neoplasm
NCT03492671,Pancreatic Cancer
NCT03492671,Pancreatic Cancer
NCT04025593,Diffuse Large B-Cell Lymphoma
NCT03933735,Multiple Myeloma
NCT04121507,Non-Hodgkin Lymphoma
NCT04121507,High Grade B-Cell Lymphoma
NCT04121507,Intestinal T-Cell Lymphoma
NCT03983759,Small Cell Lung Cancer
NCT03983759,Extensive Stage Lung Small Cell Carcinoma
NCT03983759,Adoptive Cellular Immunotherapy
NCT03983759,Leukemia
NCT03983759,Maintenance
NCT04045847,Glioblastoma
NCT04045847,CD147 Positive
NCT03795597,Multiple Myeloma
NCT03930953,Non-Hodgkin Lymphoma
NCT03910387,Pancreatic Cancer
NCT03910387,Pancreatic Cancer
NCT03910387,Pancreatic Cancer
NCT03910387,Pancreatic Cancer
NCT03910387,Pancreatic Cancer
NCT04356430,Prostate Cancer
NCT03924986,Nasopharyngeal Cancer
NCT03818061,Head and Neck Neoplasm
NCT03802058,Non-Small Cell Lung Cancer
NCT03802058,Epithelial Neoplasm
NCT03764137,Colon Carcinoma
NCT03825744,Severe Aplastic Anemia
NCT03754933,Head and Neck Neoplasm
NCT03967938,Advanced Cancers Harbouring Mutations in HRG
NCT03671811,Intraepithelial Neoplasia
NCT03671811,Endometrial Cancer
NCT03486197,Urothelial Carcinoma
NCT03724968,Metastatic Melanoma
NCT03724968,Skin Melanoma
NCT03724968,Acral Lentiginous Melanoma
NCT03851237,Pancreatic Cancer
NCT05728632,Breast Cancer
NCT05728632,Diffuse Large B-Cell Lymphoma
NCT05728632,Cardiotoxicity
NCT05728632,Left Ventricular Dysfunction
NCT05728632,Leukemia
NCT03616886,Triple-Negative Breast Cancer
NCT03819465,Epithelial Neoplasm
NCT03755141,HER2-Positive Breast Cancer
NCT03755141,Brain Metastasis
NCT03298945,Colorectal Cancer
NCT03596281,Ovarian Cancer
NCT03579446,Hematology
NCT03579446,Solid Tumors
NCT03579446,Solid Tumors
NCT03663166,Non-Small Cell Lung Cancer
NCT03513484,Acute Myeloid Leukemia
NCT03513484,Acute Myeloid Leukemia
NCT03513484,Fibroblast Growth Factor Basic Form Measurement
NCT03513484,Acute Myeloid Leukemia
NCT03513484,Acute Myeloid Leukemia
NCT03513484,Acute Myeloid Leukemia
NCT03664687,Breast Cancer
NCT03706547,Multiple Myeloma
NCT03706547,Multiple Myeloma
NCT03426904,Colon Carcinoma
NCT03714490,Digestive System Neoplasm
NCT03646461,Head and Neck Neoplasm
NCT03646461,Head and Neck Squamous Cell Carcinoma
NCT03708328,Solid Tumors
NCT03708328,Metastatic Melanoma
NCT03708328,Non-Small Cell Lung Cancer
NCT03708328,Small Cell Lung Cancer
NCT03708328,Esophageal Squamous Cell Carcinoma
NCT03689699,Prostate Cancer
NCT03689699,Prostate Cancer
NCT03715517,Hepatectomy
NCT03715517,"Pain, Postoperative"
NCT03715517,Liver Cancer
NCT03011671,High-Grade Glioma
NCT03707093,Digestive System Neoplasm
NCT03090880,Venous Thromboembolism
NCT03090880,Thoracic Neoplasm
NCT03457142,Multiple Myeloma
NCT03457142,Multiple Myeloma
NCT03587038,Glioblastoma
NCT03664895,Breast Cancer
NCT03600467,Solid Tumors
NCT03600467,Androgen Receptor Gene Overexpression
NCT03580928,Chronic Lymphocytic Leukemia
NCT03617003,Urothelial Carcinoma
NCT03265717,Chronic Lymphocytic Leukemia
NCT03600129,Prostate Cancer
NCT03363867,Ovarian Cancer
NCT03363867,Fallopian Tube Cancer
NCT03363867,Primary Peritoneal Cancer
NCT03574402,Non-Small Cell Lung Cancer
NCT03516591,Myelodysplastic Syndrome
NCT03535727,Digestive System Neoplasm
NCT03535727,Pancreatic Diseases
NCT03535727,Endocrine Neoplasm
NCT03535727,Lung Adenocarcinoma
NCT03535727,Pancreatic Cancer
NCT03535727,Epithelial Neoplasm
NCT03535727,Neoplasms
NCT03535727,Digestive System Neoplasm
NCT03535727,Digestive System Neoplasm
NCT03535727,Endocrine Neoplasm
NCT03483675,Chronic Graft Versus Host Disease
NCT03529266,Esophageal Cancer
NCT03529266,Gastroesophageal Junction Cancer
NCT03529266,Anastomotic Leak
NCT03410693,Epithelial Neoplasm
NCT03533582,Hepatocellular Carcinoma
NCT03533582,Liver Cancer
NCT03533582,Hepatocellular Carcinoma
NCT03533582,Liver Cancer
NCT03533582,Liver Cancer
NCT03473756,Urothelial Carcinoma
NCT03544125,Breast Cancer
NCT03544125,Breast Cancer
NCT03544125,HER2-Negative Breast Cancer
NCT03544125,Breast Cancer
NCT03544125,Breast Cancer
NCT03544125,Triple-Negative Breast Cancer
NCT03245554,Digestive System Neoplasm
NCT04263298,Brain Metastasis
NCT03341520,Grade 1 Follicular Lymphoma
NCT03341520,Grade 2 Follicular Lymphoma
NCT03341520,Grade 1 Follicular Lymphoma
NCT03341520,Grade 2 Follicular Lymphoma
NCT03464201,Ovarian Cancer
NCT03239392,T-Cell Large Granular Lymphocyte Leukemia
NCT03239392,Primary Cutaneous T-Cell Non-Hodgkin Lymphoma
NCT03488225,Acute Lymphoblastic Leukemia
NCT03488225,Acute Lymphoblastic Leukemia
NCT03488225,Philadelphia chromosome-negative acute lymphoblastic leukemia
NCT03492931,Sickle Cell Disease
NCT02876640,Breast Cancer
NCT02876640,Breast Cancer
NCT02876640,Breast Cancer
NCT02876640,Breast Cancer
NCT02876640,Breast Cancer
NCT02876640,Breast Cancer
NCT02876640,Breast Ductal Carcinoma In Situ
NCT02876640,Breast Cancer
NCT02876640,Breast Cancer
NCT03418168,Anemia
NCT03418168,"Renal Insufficiency, Chronic"
NCT03402230,Epithelial Neoplasm
NCT03402230,Epithelial Neoplasm
NCT03407300,Non-Small Cell Lung Cancer
NCT03395873,Acute Myeloid Leukemia
NCT03390062,Glioma
NCT03164772,Epithelial Neoplasm
NCT03164772,Non-Small Cell Lung Cancer
NCT03389035,Acute Lymphoblastic Leukemia
NCT03231176,Biliary Tract Cancer
NCT03315364,Breast Cancer
NCT03350477,Gastric Cancer
NCT03298893,Cervical Cancer
NCT03298893,Cervical Cancer
NCT03362723,Solid Tumors
NCT03352947,Male Reproductive System Neoplasm
NCT03427242,Biliary Tract Cancer
NCT02570958,Non-Small Cell Lung Cancer
NCT02570958,Thoracic Surgery
NCT03222609,Primary Myelofibrosis
NCT03106779,Chronic Myeloid Leukemia
NCT02760953,Urinary System Neoplasm
NCT03233347,Hodgkin Lymphoma
NCT03233347,Hodgkin Lymphoma
NCT03233347,Hodgkin Lymphoma
NCT03233347,Hodgkin Lymphoma
NCT03233347,Hodgkin Lymphoma
NCT03233347,Hodgkin Lymphoma
NCT03233347,Classic Hodgkin Lymphoma
NCT03168100,Multiple Myeloma
NCT03256071,Acute Myeloid Leukemia
NCT03256071,Allogeneic Hematopoietic Stem Cell Transplantation
NCT03256071,Conditioning
NCT03288493,Multiple Myeloma
NCT03045653,Breast Cancer
NCT03280264,Parathyroid Cancer
NCT03280264,Primary Hyperparathyroidism
NCT03194932,Acute Myeloid Leukemia
NCT03950141,HER-2 Negatived Gastric Cancer
NCT03042416,Congenital Hyperinsulinism
NCT03042416,Kidney Wilms Tumor
NCT03042416,Neuroendocrine Tumors
NCT03042416,Parkinson Disease
NCT03042416,Central Nervous System Neoplasm
NCT03229200,High Grade B-Cell Lymphoma
NCT03229200,Non-Hodgkin Lymphoma
NCT03229200,Hematology
NCT03229200,Graft Versus Host Disease
NCT03229200,Solid Tumors
NCT03085069,Thoracic Neoplasm
NCT03085069,Non-Small Cell Lung Cancer
NCT03085069,Respiratory System Neoplasm
NCT03085069,Thoracic Neoplasm
NCT03085069,Respiratory Tract Disease
NCT03085069,Respiratory System Neoplasm
NCT03085069,Epithelial Neoplasm
NCT02567422,Carcinoma of Unknown Primary
NCT02567422,Head and Neck Squamous Cell Carcinoma
NCT02567422,Hypopharyngeal Cancer
NCT02567422,Laryngeal Cancer
NCT02567422,Lip and Oral Cavity Cancer
NCT02567422,Oropharyngeal Cancer
NCT02567422,Head and Neck Squamous Cell Carcinoma
NCT02567422,Hypopharyngeal Cancer
NCT02567422,Laryngeal Cancer
NCT02567422,Lip and Oral Cavity Cancer
NCT02567422,Oropharyngeal Cancer
NCT02567422,Head and Neck Squamous Cell Carcinoma
NCT03167853,Neuroendocrine Tumors
NCT06390839,Hematology
NCT06390839,Solid Tumors
NCT06390839,Hematology
NCT06390839,Solid Tumors
NCT03020030,Acute Lymphoblastic Leukemia
NCT03052127,Uveal Melanoma
NCT03052127,Eye Neoplasm
NCT03052127,Uveal Melanoma
NCT02216578,Soft Tissue Sarcoma
NCT02782546,Acute Myeloid Leukemia
NCT02935205,Prostate Cancer
NCT02935205,Prostate Cancer
NCT02935205,Prostate Cancer
NCT03141463,Intraepithelial Neoplasia
NCT03141463,Cervical Cancer
NCT03096184,Head and Neck Squamous Cell Carcinoma
NCT02881554,Hepatocellular Carcinoma
NCT02881554,Liver Cancer
NCT02881554,Liver Cancer
NCT02881554,Vascular Thrombosis
NCT02881554,Intrahepatic Cholangiocarcinoma
NCT02881554,Liver Cancer
NCT02970539,Gastric Cancer
NCT02970539,Esophageal Cancer
NCT02970539,Gastro-esophageal Cancer
NCT02962063,Esophageal Cancer
NCT02962063,Gastroesophageal Junction Cancer
NCT03027739,Acute Lymphoblastic Leukemia
NCT02810990,Chronic Myeloid Leukemia
NCT02873598,Pancreatic Cancer
NCT02921919,Cancer
NCT02940886,Iron-Deficiency Anemia
NCT02940886,Iron-Deficiency Anemia
NCT02921893,Plasmacytoma
NCT02921893,Plasma Cell Neoplasm
NCT02942173,Graft Versus Host Disease
NCT02942173,Leukemia
NCT02942173,Hematology
NCT02942173,Myelodysplastic Syndrome
NCT02942173,Graft Versus Host Disease
NCT02942173,Opportunistic Infections
NCT02946021,Head and Neck Neoplasm
NCT02946021,Cardiovascular Neoplasm
NCT02946021,Head and Neck Neoplasm
NCT03606863,Colon Carcinoma
NCT03606863,Parenteral Nutrition
NCT03606863,Fast-track
NCT02873975,Epithelial Neoplasm
NCT02829840,Leukemia
NCT02829840,Acute Myeloid Leukemia
NCT02829840,Myelodysplastic Syndrome
NCT03070548,Solid Tumors
NCT02903914,Anal Cancer
NCT02903914,Solid Tumors
NCT02903914,Colorectal Cancer
NCT02903914,Gastric Cancer
NCT02903914,Head and Neck Neoplasm
NCT02903914,Thoracic Neoplasm
NCT02903914,Renal Cell Carcinoma
NCT02903914,Bladder Cancer
NCT02903914,Urothelial Carcinoma
NCT02903914,Mesothelioma
NCT02880371,Solid Tumors
NCT02768792,Acute Myeloid Leukemia
NCT02721550,Digestive System Neoplasm
NCT02693067,Neuroendocrine Tumors
NCT02886897,Hepatocellular Carcinoma
NCT02886897,Renal Cell Carcinoma
NCT02886897,Bladder Cancer
NCT02886897,Colorectal Cancer
NCT02886897,Non-Small Cell Lung Cancer
NCT02886897,Breast Cancer
NCT02924753,T-cell acute lymphoblastic leukemia
NCT02724878,Clear Cell Renal Cell Carcinoma
NCT02725489,Breast Cancer
NCT02725489,Ovarian Cancer
NCT02725489,Fallopian Tube Cancer
NCT02725489,Primary Peritoneal Cancer
NCT02725489,Uterine Cancer
NCT02725489,Cervical Cancer
NCT02725489,Endometrial Cancer
NCT02808442,Acute Lymphoblastic Leukemia
NCT02808442,Acute Lymphoblastic Leukemia
NCT02661685,Neoplasm Metastasis
NCT02775370,Epithelial Neoplasm
NCT02787369,Chronic Lymphocytic Leukemia
NCT04439123,Hematology
NCT04439123,Solid Tumors
NCT04439123,Hematology
NCT04439123,Hematology
NCT04439123,Solid Tumors
NCT04439123,Multiple Myeloma
NCT01821833,Breast Cancer
NCT01821833,Female Reproductive System Neoplasm
NCT01821833,Connective and Soft Tissue Neoplasm
NCT02780310,Epithelial Neoplasm
NCT02692248,Diffuse Large B-Cell Lymphoma
NCT02697058,Pancreatic Cancer
NCT02688712,Rectal Carcinoma
NCT02712112,Connective and Soft Tissue Neoplasm
NCT02653105,Ovarian Cancer
NCT02680574,Anemia
NCT02680574,Non-Dialysis-Dependent Chronic Kidney Disease
NCT03564704,Leukemia
NCT03564704,Acute Leukemia
NCT03564704,Non-Hodgkin Lymphoma
NCT03564704,Acute Lymphoblastic Leukemia
NCT03564704,T-cell acute lymphoblastic leukemia
NCT03564704,Acute Lymphoblastic Leukemia
NCT03564704,T Lymphoblastic Lymphoma
NCT03564704,Acute Lymphoblastic Leukemia
NCT02460367,Non-Small Cell Lung Cancer
NCT02460367,Non-Small Cell Lung Cancer
NCT02460367,Non-Small Cell Lung Cancer
NCT02621970,Nasopharyngeal Cancer
NCT02671955,Digestive System Neoplasm
NCT02523469,Non-Small Cell Lung Cancer
NCT02459067,Malignant Melanoma
NCT02459067,Non-Small Cell Lung Cancer
NCT02459067,Renal Cell Carcinoma
NCT02634827,Acute Myeloid Leukemia
NCT02634827,Acute Myeloid Leukemia
NCT02634827,Acute Myeloid Leukemia
NCT02634827,Acute Myeloid Leukemia
NCT02634827,Acute Myeloid Leukemia
NCT02622932,Solid Tumors
NCT02384382,Prostate Cancer
NCT02384382,Castration-Resistant Prostate Carcinoma
NCT02496741,Glioma
NCT02496741,Bile Duct Cancer
NCT02496741,Chondrosarcoma
NCT02549352,Actinic Keratosis
NCT02608216,Breast Neoplasm
NCT02608216,Brain Metastasis
NCT02608216,Breast Cancer
NCT02501902,Pancreatic Cancer
NCT02494713,Prostate Cancer
NCT02514603,Male Reproductive System Neoplasm
NCT02574533,Skin Melanoma
NCT02574533,Malignant Melanoma
NCT02574533,Male Reproductive System Neoplasm
NCT02648711,Solid Tumors
NCT02752204,Diffuse Large B-Cell Lymphoma
NCT02308072,Head and Neck Neoplasm
NCT03507088,Brain Metastasis
NCT02166658,Breast Cancer
NCT02166658,Thoracic Neoplasm
NCT02166658,Central Nervous System Neoplasm
NCT02166658,Progressive Brain Metastases
NCT02514382,Multiple Myeloma
NCT02514382,Multiple Myeloma
NCT02526329,Graft Versus Host Disease
NCT02367040,Non-Hodgkin Lymphoma
NCT02383966,Head and Neck Squamous Cell Carcinoma
NCT02496208,Urinary Tract Carcinoma
NCT02496208,Clear Cell Renal Cell Carcinoma
NCT02496208,Urothelial Carcinoma
NCT02496208,Urinary Tract Squamous Cell Carcinoma
NCT02496208,Urothelial Carcinoma
NCT02496208,Urothelial Carcinoma
NCT02496208,Urothelial Carcinoma
NCT02496208,Kidney Cancer
NCT02496208,Genitourinary System Neoplasm
NCT02496208,Solid Tumors
NCT02496208,Renal Cell Carcinoma
NCT02496208,Male Reproductive System Neoplasm
NCT02496208,Male Reproductive System Neoplasm
NCT02496208,Ureter Urothelial Carcinoma
NCT02496208,Urethral Cancer
NCT02496208,Ureter Urothelial Carcinoma
NCT02496208,Ureter Urothelial Carcinoma
NCT02496208,Renal Pelvis Carcinoma
NCT02496208,Non-Clear Cell Renal Cell Carcinoma
NCT02496208,Bladder Cancer
NCT02496208,Male Reproductive System Neoplasm
NCT02496208,Renal Cell Carcinoma
NCT02496208,Urothelial Carcinoma
NCT02496208,Urothelial Carcinoma
NCT02496208,Ureter Urothelial Carcinoma
NCT02496208,Urethral Cancer
NCT02496208,Bladder Cancer
NCT02496208,Male Reproductive System Neoplasm
NCT02496208,Renal Cell Carcinoma
NCT02496208,Urothelial Carcinoma
NCT02420223,Multiple Myeloma
NCT02436408,Epithelial Neoplasm
NCT02497378,Multiple Myeloma
NCT01591356,Solid Tumors
NCT02482311,Ovarian Cancer
NCT02438358,Breast Cancer
NCT02489903,Neuroendocrine Carcinoma
NCT02489903,Non-Small Cell Lung Cancer
NCT02489903,Neuroendocrine Tumors
NCT02489903,Ovarian Cancer
NCT02207309,Sarcoma
NCT03757754,Esophageal Cancer
NCT02394795,Colorectal Cancer
NCT02396134,Chronic Myeloid Leukemia
NCT02396134,Acute Lymphoblastic Leukemia
NCT02396134,AML with maturation
NCT02396134,Hodgkin Lymphoma
NCT02396134,Non-Hodgkin Lymphoma
NCT02396134,Chronic Myeloid Leukemia
NCT02396134,Cytomegaloviral Infection
NCT02396134,Hematology
NCT02396134,HLA-A*0201 Positive Cells Present
NCT02396134,Myelodysplastic Syndrome
NCT02396134,Non-Hodgkin Lymphoma
NCT02396134,Chronic Lymphocytic Leukemia
NCT02396134,Primary Myelofibrosis
NCT02396134,Myeloproliferative Neoplasm
NCT04440956,Neuroendocrine Tumors
NCT02292550,Non-Small Cell Lung Cancer
NCT02314169,Anal Cancer
NCT02314169,Anal Cancer
NCT02314169,Anal Cancer
NCT02291055,Cervical Cancer
NCT02291055,Cancer
NCT02291055,Head and Neck Neoplasm
NCT02353741,Non-Small Cell Lung Cancer
NCT02530411,Neoplasms
NCT02866370,Ovarian Clear Cell Adenocarcinoma
NCT02866370,Endometrial Clear Cell Adenocarcinoma
NCT02437227,Male Reproductive System Neoplasm
NCT02437227,Cancer
NCT02322281,Non-Small Cell Lung Cancer
NCT02345408,Pancreatic Cancer
NCT02517918,Solid Tumors
NCT02517918,Osteosarcoma
NCT02616601,Actinic Keratosis
NCT03862170,Prostate Cancer
NCT02250846,Lung Non-Squamous Non-Small Cell Carcinoma
NCT02276560,Non-Small Cell Lung Cancer
NCT02314052,Hepatocellular Carcinoma
NCT02254954,Glioblastoma
NCT02391038,Advanced Gastrointestinal Carcinoma
NCT02391038,Gastroesophageal Junction Cancer
NCT02391038,Gastric Cancer
NCT02391038,Gastroesophageal Junction Cancer
NCT02391038,Gastric Cancer
NCT02391038,Gastroesophageal Junction Cancer
NCT02391038,Digestive System Neoplasm
NCT02298387,Solid Tumors
NCT02306278,Central Nervous System Neoplasm
NCT02285179,Breast Cancer
NCT03012945,Elderly
NCT03012945,Malignant Tumor
NCT03012945,Surgical Resection
NCT03012945,Epidural Anesthesia
NCT03012945,Long-term Outcome
NCT02212197,Prostate Cancer
NCT02274337,Non-Small Cell Lung Cancer
NCT02217709,Prostate Cancer
NCT02217709,Prostate Cancer
NCT02217709,Prostate Cancer
NCT02217709,Prostate Cancer
NCT02217709,Prostate Cancer
NCT02217709,Prostate Cancer
NCT02231723,Pancreatic Cancer
NCT02361112,Brain Metastasis
NCT02029417,Acute Myeloid Leukemia
NCT02029417,Acute Megakaryoblastic Leukemia
NCT02029417,AML with minimal differentiation
NCT02029417,Acute Myeloid Leukemia
NCT02029417,Acute Monocytic Leukemia
NCT02029417,AML with maturation
NCT02029417,AML without maturation
NCT02029417,Acute Myeloid Leukemia
NCT02029417,Acute Myeloid Leukemia
NCT02029417,Acute Myeloid Leukemia
NCT02029417,Acute Myeloid Leukemia
NCT02029417,Acute Myeloid Leukemia
NCT02029417,Acute Myelomonocytic Leukemia
NCT02029417,Acute Erythroid Leukemia
NCT02029417,Acute Erythroid Leukemia
NCT02029417,Acute Myeloid Leukemia
NCT02029417,Acute Myeloid Leukemia
NCT02115035,Multiple Myeloma
NCT02128191,Bronchopulmonary Dysplasia (BPD)
NCT02194426,Neoplasms
NCT01880359,Head and Neck Squamous Cell Carcinoma
NCT02195869,Graft Versus Host Disease
NCT02101684,Female Reproductive System Neoplasm
NCT02119468,Multiple Myeloma
NCT02119468,Multiple Myeloma
NCT02176746,Digestive System Neoplasm
NCT02252146,Diffuse Large B-Cell Lymphoma
NCT02059239,Hodgkin Lymphoma
NCT02059239,Non-Hodgkin Lymphoma
NCT01802814,Acute Lymphoblastic Leukemia
NCT01943188,Clear Cell Renal Cell Carcinoma
NCT01943188,Renal Cell Carcinoma
NCT01943188,Renal Cell Carcinoma
NCT02069093,Breast Cancer
NCT02137785,Actinic Keratosis
NCT02111577,Castration-Resistant Prostate Carcinoma
NCT02038010,HER2-Positive Breast Cancer
NCT02038010,Breast Cancer
NCT02038010,Breast Cancer
NCT02038010,Breast Cancer
NCT02038010,Breast Cancer
NCT02038010,Breast Cancer
NCT02071537,Malignant Neoplasm
NCT02071537,Solid Tumors
NCT02058381,Pre-menopausal Breast Cancer
NCT02058381,PI3K Pathway Inhibition
NCT05008237,Salivary Gland Cancer
NCT01991873,Colorectal Cancer
NCT02065869,Acute Lymphoblastic Leukemia
NCT02065869,Acute Myeloid Leukemia
NCT02065869,Non-Hodgkin Lymphoma
NCT02065869,Myelodysplastic Syndrome
NCT02065869,Primary Immunodeficiency
NCT02065869,"Anemia, Aplastic"
NCT02065869,Osteopetrosis
NCT02065869,Hemoglobinopathies
NCT02065869,Myeloid Neoplasm
NCT02065869,Fanconi Anemia
NCT02065869,Diamond-Blackfan Anemia
NCT02065869,Thalassemia
NCT02065869,"Anemia, Sickle Cell"
NCT02146118,Non-Small Cell Lung Cancer
NCT02117167,Epithelial Neoplasm
NCT02697552,Non-Hodgkin Lymphoma
NCT02159365,Multiple Myeloma
NCT01895842,Leukemia
NCT02041429,Breast Cancer
NCT02041429,Brain Metastasis
NCT02076230,Solid Tumors
NCT02089178,Breast Cancer
NCT03977103,Acute Myeloid Leukemia
NCT03977103,Acute Lymphoblastic Leukemia
NCT03977103,Myeloproliferative Neoplasm
NCT03977103,Hematology
NCT03977103,Multiple Myeloma
NCT03977103,Other Hematologic Malignant Neoplasms
NCT02027090,Non-Small Cell Lung Cancer
NCT02029937,Eye Neoplasm
NCT02029937,Intraepithelial Neoplasia
NCT01397799,Acute Myeloid Leukemia
NCT01588951,Acute Myeloid Leukemia
NCT01659502,Pancreatic Cancer
NCT01928030,Lymphedema
NCT01928030,Malignant Neoplasm
NCT01987102,Osteosarcoma
NCT02001272,Ovarian Cancer
NCT01969695,Non-Hodgkin Lymphoma
NCT01974349,Solid Tumors
NCT01809171,Breast Cancer
NCT01809171,Musculoskeletal Disease
NCT01866449,Glioblastoma
NCT01976195,Primary Immune Thrombocytopenia
NCT01989845,Rivaroxaban
NCT01989845,Cancer-associated Thrombosis
NCT01989845,Recurrence
NCT01989845,Genitourinary System Neoplasm
NCT01848132,Diffuse Large B-Cell Lymphoma
NCT01864772,Head and Neck Squamous Cell Carcinoma
NCT01820325,Non-Small Cell Lung Cancer
NCT02083692,Head and Neck Squamous Cell Carcinoma
NCT01816594,HER2-Positive Breast Cancer
NCT01932580,Gastric Cancer
NCT01932580,Esophageal Cancer
NCT01795430,Adult Supratentorial Primitive Neuroectodermal Tumor (PNET)
NCT01795430,Ewing Sarcoma
NCT01795430,Soft Tissue Sarcoma
NCT01795430,Peripheral Primitive Neuroectodermal Tumor
NCT01795430,Central Nervous System Embryonal Tumor
NCT01795430,Connective and Soft Tissue Neoplasm
NCT01795430,Untreated Childhood Supratentorial Primitive Neuroectodermal Tumor
NCT01849380,Breast Neoplasm
NCT01849380,Gastric Cancer
NCT01481233,Prostate Cancer
NCT01849250,Breast Neoplasm
NCT01849250,Breast Ductal Carcinoma In Situ
NCT01849250,Breast Cancer
NCT01849250,Breast Cancer
NCT01849250,Breast Paget Disease
NCT01849250,Breast Cancer
NCT01849250,Breast Cancer
NCT01849250,Breast Cancer
NCT01849250,Breast Cancer
NCT01849250,Breast Cancer
NCT01849250,Breast Cancer
NCT01849250,Breast Cancer
NCT01867866,Solid Tumors
NCT01846416,Non-Small Cell Lung Cancer
NCT04635852,Cancer
NCT04635852,Respiratory System Neoplasm
NCT01630564,Hematology
NCT01805037,Diffuse Large B-Cell Lymphoma
NCT01805037,T-Cell Non-Hodgkin Lymphoma
NCT01805037,Anaplastic Large Cell Lymphoma
NCT01805037,"Follicular Helper T-Cell Lymphoma, Angioimmunoblastic-Type"
NCT01805037,Burkitt Lymphoma
NCT01805037,Contiguous Stage II Adult Diffuse Large Cell Lymphoma
NCT01805037,Contiguous Stage II Adult Diffuse Mixed Cell Lymphoma
NCT01805037,Contiguous Stage II Adult Diffuse Small Cleaved Cell Lymphoma
NCT01805037,Diffuse Large B-Cell Lymphoma
NCT01805037,Non-Hodgkin Lymphoma
NCT01805037,Grade 1 Follicular Lymphoma
NCT01805037,Grade 2 Follicular Lymphoma
NCT01805037,Grade 3 Follicular Lymphoma
NCT01805037,Mantle Cell Lymphoma
NCT01805037,Marginal Zone Lymphoma
NCT01805037,Small Lymphocytic Lymphoma
NCT01805037,Primary Cutaneous B-Cell Non-Hodgkin Lymphoma
NCT01805037,Epstein-Barr Virus Infection
NCT01805037,Extranodal Marginal Zone Lymphoma
NCT01805037,T-Cell Non-Hodgkin Lymphoma
NCT01805037,Non-Hodgkin Lymphoma
NCT01805037,Nodal Marginal Zone Lymphoma
NCT01805037,Burkitt Lymphoma
NCT01805037,Noncontiguous Stage II Adult Diffuse Large Cell Lymphoma
NCT01805037,Noncontiguous Stage II Adult Diffuse Mixed Cell Lymphoma
NCT01805037,Noncontiguous Stage II Adult Diffuse Small Cleaved Cell Lymphoma
NCT01805037,Diffuse Large B-Cell Lymphoma
NCT01805037,Non-Hodgkin Lymphoma
NCT01805037,Grade 1 Follicular Lymphoma
NCT01805037,Grade 2 Follicular Lymphoma
NCT01805037,Grade 3 Follicular Lymphoma
NCT01805037,Mantle Cell Lymphoma
NCT01805037,Marginal Zone Lymphoma
NCT01805037,Small Lymphocytic Lymphoma
NCT01805037,Hematology
NCT01805037,T-Cell Non-Hodgkin Lymphoma
NCT01805037,Post-Transplant Lymphoproliferative Disorder
NCT01805037,Hairy Cell Leukemia
NCT01805037,Burkitt Lymphoma
NCT01805037,Recurrent Adult Diffuse Mixed Cell Lymphoma
NCT01805037,Recurrent Adult Diffuse Small Cleaved Cell Lymphoma
NCT01805037,Diffuse Large B-Cell Lymphoma
NCT01805037,Hodgkin Lymphoma
NCT01805037,Diffuse Large B-Cell Lymphoma
NCT01805037,Non-Hodgkin Lymphoma
NCT01805037,Adult T-Cell Leukemia/Lymphoma
NCT01805037,Primary Cutaneous T-Cell Non-Hodgkin Lymphoma
NCT01805037,Grade 1 Follicular Lymphoma
NCT01805037,Grade 3 Follicular Lymphoma
NCT01805037,Mantle Cell Lymphoma
NCT01805037,Marginal Zone Lymphoma
NCT01805037,Mycosis Fungoides and Sezary Syndrome
NCT01805037,Small Lymphocytic Lymphoma
NCT01805037,Hairy Cell Leukemia
NCT01805037,Digestive System Neoplasm
NCT01805037,Splenic Marginal Zone Lymphoma
NCT01805037,Burkitt Lymphoma
NCT01805037,Diffuse Large B-Cell Lymphoma
NCT01805037,Stage I Adult Diffuse Mixed Cell Lymphoma
NCT01805037,Stage I Adult Diffuse Small Cleaved Cell Lymphoma
NCT01805037,Hodgkin Lymphoma
NCT01805037,Diffuse Large B-Cell Lymphoma
NCT01805037,Non-Hodgkin Lymphoma
NCT01805037,Adult T-Cell Leukemia/Lymphoma
NCT01805037,Primary Cutaneous T-Cell Non-Hodgkin Lymphoma
NCT01805037,Grade 1 Follicular Lymphoma
NCT01805037,Grade 2 Follicular Lymphoma
NCT01805037,Grade 3 Follicular Lymphoma
NCT01805037,Mantle Cell Lymphoma
NCT01805037,Marginal Zone Lymphoma
NCT01805037,Small Lymphocytic Lymphoma
NCT01805037,Mycosis Fungoides and Sezary Syndrome
NCT01805037,Mycosis Fungoides and Sezary Syndrome
NCT01805037,Hodgkin Lymphoma
NCT01805037,Adult T-Cell Leukemia/Lymphoma
NCT01805037,Primary Cutaneous T-Cell Non-Hodgkin Lymphoma
NCT01805037,Mycosis Fungoides and Sezary Syndrome
NCT01805037,Grade 2 Follicular Lymphoma
NCT01805037,Mycosis Fungoides and Sezary Syndrome
NCT01805037,Burkitt Lymphoma
NCT01805037,Stage III Adult Diffuse Large Cell Lymphoma
NCT01805037,Stage III Adult Diffuse Mixed Cell Lymphoma
NCT01805037,Stage III Adult Diffuse Small Cleaved Cell Lymphoma
NCT01805037,Hodgkin Lymphoma
NCT01805037,Diffuse Large B-Cell Lymphoma
NCT01805037,Non-Hodgkin Lymphoma
NCT01805037,Adult T-Cell Leukemia/Lymphoma
NCT01805037,Primary Cutaneous T-Cell Non-Hodgkin Lymphoma
NCT01805037,Grade 1 Follicular Lymphoma
NCT01805037,Grade 2 Follicular Lymphoma
NCT01805037,Grade 3 Follicular Lymphoma
NCT01805037,Mantle Cell Lymphoma
NCT01805037,Marginal Zone Lymphoma
NCT01805037,Small Lymphocytic Lymphoma
NCT01805037,Mycosis Fungoides and Sezary Syndrome
NCT01805037,Mycosis Fungoides and Sezary Syndrome
NCT01805037,Burkitt Lymphoma
NCT01805037,Diffuse Large B-Cell Lymphoma
NCT01805037,Stage IV Adult Diffuse Mixed Cell Lymphoma
NCT01805037,Stage IV Adult Diffuse Small Cleaved Cell Lymphoma
NCT01805037,Hodgkin Lymphoma
NCT01805037,Diffuse Large B-Cell Lymphoma
NCT01805037,Non-Hodgkin Lymphoma
NCT01805037,Adult T-Cell Leukemia/Lymphoma
NCT01805037,T-Cell Non-Hodgkin Lymphoma
NCT01805037,Grade 1 Follicular Lymphoma
NCT01805037,Grade 2 Follicular Lymphoma
NCT01805037,Grade 3 Follicular Lymphoma
NCT01805037,Mantle Cell Lymphoma
NCT01805037,Marginal Zone Lymphoma
NCT01805037,Small Lymphocytic Lymphoma
NCT01805037,Mycosis Fungoides and Sezary Syndrome
NCT01805037,Mycosis Fungoides and Sezary Syndrome
NCT01805037,T-Cell Large Granular Lymphocyte Leukemia
NCT01805037,Testicular Cancer
NCT01805037,Hairy Cell Leukemia
NCT01805037,Waldenstrom Macroglobulinemia
NCT01806675,Nasopharyngeal Cancer
NCT01806675,Recurrent Lymphoepithelioma of the Oropharynx
NCT01806675,Carcinoma of Unknown Primary
NCT01806675,Recurrent Midline Lethal Granuloma of the Paranasal Sinus and Nasal Cavity
NCT01806675,Lip and Oral Cavity Cancer
NCT01806675,Nasopharyngeal Cancer
NCT01806675,Non-Small Cell Lung Cancer
NCT01806675,Oropharyngeal Cancer
NCT01806675,Pancreatic Cancer
NCT01806675,Head and Neck Squamous Cell Carcinoma
NCT01806675,Rectal Carcinoma
NCT01806675,Renal Cell Carcinoma
NCT01806675,Salivary Gland Cancer
NCT01806675,Breast Cancer
NCT01806675,Non-Small Cell Lung Cancer
NCT01806675,Breast Cancer
NCT01806675,Non-Small Cell Lung Cancer
NCT01806675,Breast Cancer
NCT01806675,Breast Cancer
NCT01806675,Non-Small Cell Lung Cancer
NCT01806675,Pancreatic Cancer
NCT01806675,Renal Cell Carcinoma
NCT01806675,Colon Carcinoma
NCT01806675,Rectal Carcinoma
NCT01806675,Salivary Gland Cancer
NCT01806675,Colon Carcinoma
NCT01806675,Salivary Gland Cancer
NCT01806675,Salivary Gland Cancer
NCT01806675,Lip and Oral Cavity Cancer
NCT01806675,Solid Tumors
NCT01806675,Glioblastoma
NCT01806675,Glioblastoma
NCT01806675,Gliosarcoma
NCT01806675,Male Breast Cancer
NCT01806675,Head and Neck Squamous Cell Carcinoma
NCT01806675,Lip and Oral Cavity Cancer
NCT01806675,Central Nervous System Neoplasm
NCT01806675,Skin Basal Cell Carcinoma
NCT01806675,Colon Carcinoma
NCT01806675,Recurrent Esthesioneuroblastoma of the Paranasal Sinus and Nasal Cavity
NCT01806675,Hypopharyngeal Cancer
NCT01806675,Epithelial Neoplasm
NCT01806675,Laryngeal Cancer
NCT01806675,Lip and Oral Cavity Cancer
NCT01783522,Chemotherapeutic Agent Toxicity
NCT01783522,Multiple Myeloma
NCT01783522,Peripheral Neuropathy
NCT01790737,Multiple Myeloma
NCT01859819,Diffuse Large B-Cell Lymphoma
NCT01859819,Burkitt Lymphoma
NCT01859819,High Grade B-Cell Lymphoma
NCT01738451,Cancer
NCT01740271,Breast Neoplasm
NCT01759810,Glioblastoma
NCT01729338,Multiple Myeloma
NCT01763606,Cancer Patients First-ever Acute Ischemic Stroke
NCT01659021,Chronic Lymphocytic Leukemia
NCT01764880,Multiple Myeloma
NCT02724267,Internal Radiation
NCT02724267,Hepatocellular Carcinoma
NCT01680965,Chronic Graft Versus Host Disease
NCT01585350,Male Reproductive System Neoplasm
NCT01671774,Gastric Cancer
NCT01671774,Gastroesophageal Junction Cancer
NCT01671774,Esophageal Cancer
NCT01633060,Brain Metastasis
NCT01617226,Acute Myeloid Leukemia
NCT01746992,Anaplastic Large Cell Lymphoma
NCT01746992,"Peripheral T-Cell Lymphoma, Not Otherwise Specified"
NCT01746992,"Follicular Helper T-Cell Lymphoma, Angioimmunoblastic-Type"
NCT01746992,Enteropathy-Associated T-Cell Lymphoma
NCT01746992,T-Cell Non-Hodgkin Lymphoma
NCT01746992,Primary Cutaneous T-Cell Non-Hodgkin Lymphoma
NCT01728623,Thyroid Cancer
NCT01663415,Castration-Resistant Prostate Carcinoma
NCT01634880,Head and Neck Neoplasm
NCT01752257,Male Reproductive System Neoplasm
NCT01929980,Allogeneic Stem Cell Transplantation
NCT01929980,Refractory Autoimmune Cytopenia(s)
NCT01611766,Ovarian Cancer
NCT01611766,Fallopian Tube Cancer
NCT01611766,Primary Peritoneal Cancer
NCT01607580,Leukemia
NCT01693445,Digestive System Neoplasm
NCT01531387,Sickle Cell Disease
NCT01583816,Actinic Keratosis
NCT01596647,Solid Tumors
NCT01570868,Leukemia
NCT01655719,Thyroid Cancers That Contain the PAX8-PPARgamma Fusion Gene
NCT01572662,Leukemia
NCT01572662,Acute Myeloid Leukemia
NCT01572662,Acute Lymphoblastic Leukemia
NCT01572662,Chronic Myeloid Leukemia
NCT01572662,Chronic Lymphocytic Leukemia
NCT01572662,Myeloproliferative Neoplasm
NCT01572662,Non-Hodgkin Lymphoma
NCT01572662,Hodgkin Lymphoma
NCT01572662,Multiple Myeloma
NCT01572662,Myelodysplastic Syndrome
NCT01334502,Hematology
NCT01516996,Oropharyngeal Cancer
NCT01516996,Hypopharyngeal Cancer
NCT01554254,Cord Blood Transplant
NCT01554254,Hematology
NCT01554254,Inherited Metabolic Disease
NCT01886066,Endometrial Cancer
NCT01886066,Sentinel Lymph Node
NCT01886066,Indocyanine Green
NCT01876043,Dedifferentiated Liposarcoma
NCT01527136,Solid Tumors
NCT01542437,Non-Small Cell Lung Cancer
NCT01542437,Lung Adenocarcinoma
NCT01542437,HER-2
NCT01620736,Adult T-Cell Leukemia/Lymphoma
NCT03364439,Diffuse Large B-Cell Lymphoma
NCT01428492,Multiple Myeloma
NCT01469572,Neuroendocrine Tumors
NCT01481129,Diffuse Large B-Cell Lymphoma
NCT01510756,Chronic Lymphocytic Leukemia
NCT01468389,Gastric Cancer
NCT01339442,Hormone Receptor-Positive Breast Cancer
NCT01339442,Breast Cancer
NCT01339442,Breast Cancer
NCT03117335,Non-Small Cell Lung Cancer
NCT01460979,Female Reproductive System Neoplasm
NCT01460979,Female Reproductive System Neoplasm
NCT01460979,Female Reproductive System Neoplasm
NCT01460979,Female Reproductive System Neoplasm
NCT01431664,Leukemia
NCT01394120,Pancreatic Cancer
NCT01429051,Break Through Pain
NCT01429051,Cancer
NCT02043756,Neoplasms
NCT00816959,Hodgkin Lymphoma
NCT01232296,Hepatocellular Carcinoma
NCT01384253,Breast Neoplasm
NCT01384253,Peritoneal and Retroperitoneal Neoplasm
NCT01384253,Female Reproductive System Neoplasm
NCT01384253,Pancreatic Cancer
NCT01384253,Digestive System Neoplasm
NCT01362374,Neoplasms
NCT01430013,T-Cell Non-Hodgkin Lymphoma
NCT01328496,Hematology
NCT01328496,Epithelial Neoplasm
NCT01328496,Hematology
NCT01382706,Bladder Cancer
NCT01382706,Bladder Cancer
NCT01382706,Bladder Cancer
NCT01382706,Urothelial Carcinoma
NCT01639625,Cervical Cancer
NCT01639625,Cervical Cancer
NCT01074177,Non-Small Cell Lung Cancer
NCT01074177,Lung Adenocarcinoma
NCT01191697,Esophageal Cancer
NCT01191697,Gastric Cancer
NCT01320020,Epithelial Neoplasm
NCT01409499,Hepatectomy
NCT01409499,Hepatocellular Carcinoma
NCT01409499,Sorafenib
NCT01558947,Gastric Cancer
NCT01156142,Head and Neck Neoplasm
NCT01156142,Mucositis
NCT01156142,Oral Complications of Radiation Therapy
NCT01156142,Connective and Soft Tissue Neoplasm
NCT01251172,Multiple Myeloma
NCT01251172,Multiple Myeloma
NCT01251172,Multiple Myeloma
NCT01251172,Multiple Myeloma
NCT01260506,Glioblastoma
NCT01308645,Hepatocellular Carcinoma
NCT05167370,Solid Tumors
NCT05167370,Central Nervous System Neoplasm
NCT01238770,Ovarian Cancer
NCT01242449,Breast Cancer
NCT01222754,Diffuse Intrinsic Pontine Glioma
NCT01222754,Anaplastic Astrocytoma
NCT01222754,High-Grade Glioma
NCT01217437,Central Nervous System Neoplasm
NCT01217437,Pineoblastoma
NCT01217437,Medulloblastoma
NCT01217437,Peripheral Primitive Neuroectodermal Tumor
NCT01217437,Medulloblastoma
NCT01217437,Peripheral Primitive Neuroectodermal Tumor
NCT01195376,Solid Tumors
NCT01240577,Neoplasms
NCT01240577,Hematology
NCT01197625,Prostate Cancer
NCT01226407,Solid Tumors
NCT01271920,HER2-Positive Breast Cancer
NCT01370876,Head and Neck Neoplasm
NCT01370876,Head and Neck Neoplasm
NCT02225652,Breast Cancer
NCT02817555,Anemia
NCT02817555,Chronic Kidney Disease
NCT01270724,Central Nervous System Neoplasm
NCT01718379,Myelodysplastic Syndrome
NCT00829413,Liver Cancer
NCT01091454,Triple-Negative Breast Cancer
NCT01138163,Non-Small Cell Lung Cancer
NCT01146574,Anemia
NCT01159028,Acute Myeloid Leukemia
NCT01159028,Acute Lymphoblastic Leukemia
NCT01159028,Myelodysplastic Syndrome
NCT01159028,Myeloid Neoplasm
NCT01208194,Colorectal Cancer
NCT01323933,Neoplasms
NCT01369121,Brain Edema
NCT01369121,Central Nervous System Neoplasm
NCT01094860,Leukemia
NCT01209208,Lymphocytic Colitis
NCT01110785,Colorectal Cancer
NCT01077453,"Healthy, no Evidence of Disease"
NCT01077453,Breast Cancer
NCT01118975,Breast Cancer
NCT01118975,Neoplasm Metastasis
NCT01042522,Female Reproductive System Neoplasm
NCT01042522,Female Reproductive System Neoplasm
NCT01042522,Female Reproductive System Neoplasm
NCT01042522,Female Reproductive System Neoplasm
NCT01042522,Ovarian Sex Cord-Stromal Tumor
NCT01042522,Female Reproductive System Neoplasm
NCT01042522,Female Reproductive System Neoplasm
NCT01216436,Metastatic Melanoma
NCT01246427,Breast Cancer
NCT01024920,Non-Clear Cell Renal Cell Carcinoma
NCT01059552,Non-Small Cell Lung Cancer
NCT01183494,Colorectal Cancer
NCT01013740,Cancer
NCT01019382,Pancreatic Cancer
NCT00788697,Liver Cancer
NCT00982436,Head and Neck Neoplasm
NCT01160484,Multiple Myeloma
NCT00952289,Myeloproliferative Neoplasm
NCT00838513,Atypical Hemolytic Uremic Syndrome
NCT00927589,Epithelial Neoplasm
NCT00933374,Bladder Cancer
NCT00961896,Skin Basal Cell Carcinoma
NCT00962507,Hematology
NCT00962507,Plasma Cell Neoplasm
NCT05278728,Colorectal Cancer
NCT00918723,Small Lymphocytic Lymphoma
NCT00918723,Chronic Lymphocytic Leukemia
NCT00918723,Small Lymphocytic Lymphoma
NCT00918723,Chronic Lymphocytic Leukemia
NCT00918723,Small Lymphocytic Lymphoma
NCT00918723,Chronic Lymphocytic Leukemia
NCT00918723,Small Lymphocytic Lymphoma
NCT00918723,Chronic Lymphocytic Leukemia
NCT00918723,Chronic Lymphocytic Leukemia
NCT00940784,Polycythemia Vera
NCT01528501,Gastric Cancer
NCT00807170,Non-Small Cell Lung Cancer
NCT00911326,Head and Neck Squamous Cell Carcinoma
NCT01449344,Mantle Cell Lymphoma
NCT00833040,Cancer
NCT00833040,Connective and Soft Tissue Neoplasm
NCT00868478,Chronic Lymphocytic Leukemia
NCT01729663,Skin Melanoma
NCT00858429,Liver Cancer
NCT00858429,Anal Cancer
NCT00723398,Breast Cancer
NCT00866177,Skin Melanoma
NCT00866177,Skin Melanoma
NCT00866177,Skin Melanoma
NCT00867061,Myelodysplastic Syndrome
NCT00931450,Breast Cancer
NCT01775423,Solid Tumors
NCT00821886,Breast Cancer
NCT00832819,Non-Small Cell Lung Cancer
NCT00846508,Cervical Cancer
NCT01227408,Breast Cancer
NCT00923247,Thyroid Gland Medullary Carcinoma
NCT00841555,Anaplastic Astrocytoma
NCT00850785,Non-Small Cell Lung Cancer
NCT00807872,Primary Amyloidosis
NCT00828841,Non-Small Cell Lung Cancer
NCT00832520,Digestive System Neoplasm
NCT00906750,Cancer
NCT00729833,Digestive System Neoplasm
NCT00729833,Solid Tumors
NCT00860600,Essential Thrombocythemia
NCT00882973,Pancreatic Cancer
NCT01198392,Gastric Cancer
NCT00750841,Solid Tumors
NCT00733850,Pancreatic Cancer
NCT00764517,B-Cell Non-Hodgkin Lymphoma
NCT00764517,Chronic Lymphocytic Leukemia
NCT00764517,Non-Hodgkin Lymphoma
NCT00764517,B-Cell Non-Hodgkin Lymphoma
NCT00786812,Chronic Myeloid Leukemia
NCT00669565,Breast Cancer
NCT00738764,Cancer
NCT00906360,Head and Neck Squamous Cell Carcinoma
NCT00906360,Carcinoma of Unknown Primary
NCT00906360,Salivary Gland Cancer
NCT00906360,Hypopharyngeal Cancer
NCT00906360,Laryngeal Cancer
NCT00906360,Lip and Oral Cavity Cancer
NCT00906360,Epithelial Neoplasm
NCT00906360,Oropharyngeal Cancer
NCT00906360,Head and Neck Squamous Cell Carcinoma
NCT00906360,Laryngeal Cancer
NCT00906360,Lip and Oral Cavity Cancer
NCT00906360,Salivary Gland Cancer
NCT00906360,Salivary Gland Cancer
NCT00906360,Hypopharyngeal Cancer
NCT00906360,Laryngeal Cancer
NCT00906360,Lip and Oral Cavity Cancer
NCT00906360,Nasopharyngeal Cancer
NCT00906360,Oropharyngeal Cancer
NCT00906360,Head and Neck Squamous Cell Carcinoma
NCT00906360,Laryngeal Cancer
NCT00906360,Lip and Oral Cavity Cancer
NCT00906360,Salivary Gland Cancer
NCT00906360,Hypopharyngeal Cancer
NCT00906360,Laryngeal Cancer
NCT00906360,Lip and Oral Cavity Cancer
NCT00906360,Head and Neck Squamous Cell Carcinoma
NCT00906360,Oropharyngeal Cancer
NCT00906360,Head and Neck Squamous Cell Carcinoma
NCT00906360,Laryngeal Cancer
NCT00906360,Lip and Oral Cavity Cancer
NCT00906360,Lip and Oral Cavity Cancer
NCT00906360,Epithelial Neoplasm
NCT00722293,Breast Neoplasm
NCT00642967,Anemia
NCT00684996,Renal Cell Carcinoma
NCT00684996,Renal Cell Carcinoma
NCT00684996,Renal Cell Carcinoma
NCT00684996,Renal Cell Carcinoma
NCT00691054,Pancreatic Cancer
NCT00698009,Kidney Wilms Tumor
NCT00702494,Solid Tumors
NCT00715793,Malignant Melanoma
NCT01922492,Digestive System Neoplasm
NCT00666081,Cancer
NCT00677144,Digestive System Neoplasm
NCT00629057,Androgen-insensitive Prostate Cancer
NCT00634894,Ovarian Cancer
NCT00634894,Fallopian Tube Cancer
NCT00634894,Peritoneal and Retroperitoneal Neoplasm
NCT01442909,Non-Small Cell Lung Cancer
NCT00615589,Multiple Myeloma
NCT00615589,Plasma Cell Leukemia
NCT00624182,Bile Duct Cancer
NCT00602030,Non-Small Cell Lung Cancer
NCT00602030,Non-Small Cell Lung Cancer
NCT00761085,Sickle Cell Disease
NCT00357760,Renal Cell Carcinoma
NCT00573755,Breast Cancer
NCT00585845,Malignant Epithelial Mesothelioma
NCT00585845,Pancreatic Cancer
NCT00585845,Non-Small Cell Lung Cancer
NCT00585845,Adenocarcinoma of the Ovaries
NCT00613743,Cancer
NCT00613743,Mucositis
NCT00467051,Ovarian Germ Cell Tumor
NCT00467051,Testicular Germ Cell Cancer
NCT00467051,Ovarian Cancer
NCT00467051,Ovarian Germ Cell Tumor
NCT00467051,Ovarian Germ Cell Tumor
NCT00467051,Germ Cell Tumor
NCT00467051,Testicular Germ Cell Cancer
NCT00467051,Ovarian Germ Cell Tumor
NCT00467051,Testicular Non-Seminomatous Germ Cell Tumor
NCT00467051,Testicular Non-Seminomatous Germ Cell Tumor
NCT00467051,Testicular Germ Cell Cancer
NCT00467051,Testicular Germ Cell Cancer
NCT00467051,Testicular Non-Seminomatous Germ Cell Tumor
NCT00467051,Testicular Non-Seminomatous Germ Cell Tumor
NCT00467051,Germ Cell Tumor
NCT00467051,Germ Cell Tumor
NCT00431704,Brain Metastasis
NCT00471445,Neurotoxicity
NCT00471445,Connective and Soft Tissue Neoplasm
NCT00471445,Peripheral Neuropathy
NCT00471445,Solid Tumors
NCT00502307,Non-Clear Cell Renal Cell Carcinoma
NCT00557609,Renal Cell Carcinoma
NCT00557609,Alveolar Soft Part Sarcoma
NCT00557609,Clear Cell Sarcoma
NCT00526799,Ovarian Cancer
NCT00527930,Breast Neoplasm
NCT00531401,Non-Small Cell Lung Cancer
NCT00954135,Breast Cancer
NCT00446069,Connective and Soft Tissue Neoplasm
NCT00446069,Cancer
NCT00471276,Breast Neoplasm
NCT00849186,Kidney Cancer
NCT01268163,Cancer
NCT01706627,Advanced Stage Cancer
NCT00565656,Myelodysplastic Syndrome
NCT00372905,Hematology
NCT00429182,Breast Cancer
NCT00429182,Breast Cancer
NCT00429182,Breast Cancer
NCT00469859,Leukemia
NCT00474669,Ovarian Cancer
NCT00925314,Uveal Melanoma
NCT00925314,Uveal Melanoma
NCT00498407,Colorectal Cancer
NCT00498407,Colorectal Cancer
NCT00653848,Prostate Cancer
NCT00466843,Myelodysplastic Syndrome
NCT00568815,Hematology
NCT00598091,Solid Tumors
NCT00598091,Pancreatic Cancer
NCT00620295,Breast Cancer
NCT00620295,Colorectal Cancer
NCT00620295,Head and Neck Neoplasm
NCT00620295,Kidney Cancer
NCT00620295,Thoracic Neoplasm
NCT00620295,Ovarian Cancer
NCT00620295,Pancreatic Cancer
NCT00620295,Prostate Cancer
NCT00620295,Sarcoma
NCT00723216,Abdominal Neoplasms
NCT00432562,Breast Cancer
NCT00432562,Non-Small Cell Lung Cancer
NCT00432562,Non-Hodgkin Lymphoma
NCT00444535,Breast Neoplasm
NCT00085098,Central Nervous System Neoplasm
NCT00085098,Central Nervous System Neoplasm
NCT00406302,Non-Small Cell Lung Cancer
NCT00434330,Anemia
NCT00434330,Chronic Kidney Disease
NCT00434330,Chronic Renal Failure
NCT00434473,Sickle Cell Disease
NCT00434473,Vaso-occlusive Crisis
NCT00434473,Acute Chest Syndrome
NCT00733889,Esophageal Cancer
NCT00382733,Tumors
NCT00398281,Prostate Cancer
NCT00551512,Cancer
NCT00551512,Solid Tumors
NCT00625937,Head and Neck Neoplasm
NCT00411138,Endometrial Cancer
NCT00373373,Acute Myeloid Leukemia
NCT00418093,Ovarian Cancer
NCT00418093,Fallopian Tube Cancer
NCT00418093,Primary Peritoneal Cancer
NCT00368121,Multiple Myeloma
NCT00463073,High-Grade Glioma
NCT00743067,Solid Tumors
NCT00345163,Glioblastoma
NCT00381875,Nonneoplastic Condition
NCT00330915,Digestive System Neoplasm
NCT00336856,Colon Carcinoma
NCT00336856,Rectal Carcinoma
NCT00339131,Adrenal Gland Pheochromocytoma
NCT00339131,Paraganglioma
NCT00339131,Neuroendocrine Tumors
NCT00387205,Non-Clear Cell Renal Cell Carcinoma
NCT00307723,Pancreatic Cancer
NCT00307723,Pancreatic Cancer
NCT00316875,Breast Cancer
NCT00352755,Peritoneal and Retroperitoneal Neoplasm
NCT00319748,Breast Cancer
NCT00319748,Ovarian Cancer
NCT00319748,Endometrial Cancer
NCT00319748,Cervical Cancer
NCT00454324,Small Cell Lung Cancer
NCT00508807,Leukemia
NCT00508807,Solid Tumors
NCT01087424,Diffuse Large B-Cell Lymphoma
NCT00321100,Digestive System Neoplasm
NCT00319839,Head and Neck Neoplasm
NCT00420485,Solid Tumors
NCT00446290,Gastric Cancer
NCT00458796,Breast Cancer
NCT00458796,Hypercalcemia of Malignancy
NCT00458796,Anal Cancer
NCT00458796,Musculoskeletal Complications
NCT00458796,Connective and Soft Tissue Neoplasm
NCT00406978,Multiple Myeloma
NCT00303082,Bacterial Vaginosis
NCT00303082,Premature Birth
NCT00303082,Sepsis
NCT00303082,Periventricular Leukomalacia
NCT00303082,Bronchopulmonary Dysplasia
NCT00303953,Burkitt Lymphoma
NCT00303953,Diffuse Large B-Cell Lymphoma
NCT00389922,Solid Tumors
NCT00543231,Tumors
NCT00861419,Solid Tumors
NCT00174369,Non-Small Cell Lung Cancer
NCT00237575,Bladder Cancer
NCT01058538,Solid Tumors
NCT03362684,Colorectal Cancer
NCT00240682,Skin Neoplasm
NCT00240682,Epithelial Neoplasm
NCT00310050,Pancreatic Cancer
NCT02013817,Chronic Lymphocytic Leukemia
NCT00121225,Uveal Melanoma
NCT00121225,Eye Neoplasm
NCT00121225,Uveal Melanoma
NCT00121225,Uveal Melanoma
NCT00121225,Eye Neoplasm
NCT00121225,Skin Melanoma
NCT00121225,Skin Melanoma
NCT00247507,Anemia
NCT00247507,Atherosclerosis
NCT00247507,End-Stage Renal Disease
NCT00247507,Oxidative Stress
NCT00247507,Pro-Inflammation
NCT00248404,Tumors
NCT00250419,Cancers Expressing HER-2 and/or CEA
NCT00288925,Pancreatic Cancer
NCT00376740,Breast Cancer
NCT00532285,Breast Cancer
NCT00129571,Cancer
NCT00207077,Neoplasms
NCT00361088,Multiple Myeloma
NCT02182050,Non-Small Cell Lung Cancer
NCT00100945,Esophageal Cancer
NCT00125749,Male Reproductive System Neoplasm
NCT00125749,Neoplasm Metastasis
NCT00138177,Solid Tumors
NCT00138177,Colon Carcinoma
NCT00138177,Rectal Carcinoma
NCT00138177,Colon Carcinoma
NCT00138177,Rectal Carcinoma
NCT00138177,Colon Carcinoma
NCT00138177,Rectal Carcinoma
NCT00176748,Thyroid Cancer
NCT00196820,Breast Cancer
NCT00271804,Myelodysplastic Syndrome
NCT00398554,Hematology
NCT00544986,Breast Cancer
NCT00217711,Colorectal Cancer
NCT00295971,Congenital Amegakaryocytic Thrombocytopenia
NCT00295971,Leukemia
NCT00295971,Myelodysplastic Syndrome
NCT00295971,Severe Congenital Neutropenia
NCT00083083,Thoracic Neoplasm
NCT00101270,Burkitt Lymphoma
NCT00101270,Germ Cell Tumor
NCT00101270,Diffuse Large B-Cell Lymphoma
NCT00101270,Diffuse Large B-Cell Lymphoma
NCT00101270,Diffuse Large B-Cell Lymphoma
NCT00101270,Glioma
NCT00101270,Glioma
NCT00101270,Glioma
NCT00101270,Ependymoma
NCT00101270,Diffuse Large B-Cell Lymphoma
NCT00101270,Recurrent Childhood Large Cell Lymphoma
NCT00101270,Liver Cancer
NCT00101270,Non-Hodgkin Lymphoma
NCT00101270,Germ Cell Tumor
NCT00101270,Medulloblastoma
NCT00101270,Rhabdomyosarcoma
NCT00101270,B-Cell Non-Hodgkin Lymphoma
NCT00101270,Soft Tissue Sarcoma
NCT00101270,Central Nervous System Embryonal Tumor
NCT00101270,Glioma
NCT00101270,Colon Carcinoma
NCT00101270,Connective and Soft Tissue Neoplasm
NCT00101270,Skin Melanoma
NCT00101270,Nasopharyngeal Cancer
NCT00101270,Recurrent Neuroblastoma
NCT00101270,Osteosarcoma
NCT00101270,Kidney Wilms Tumor
NCT00101270,Hodgkin Lymphoma
NCT00101270,Solid Tumors
NCT00106262,Cervical Cancer
NCT00121602,Anemia
NCT00121602,Kidney Disease
NCT00191854,Breast Cancer
NCT00102791,Sickle Cell Disease
NCT00142415,Renal Cell Carcinoma
NCT00806923,Lung Non-Squamous Non-Small Cell Carcinoma
NCT00147901,Chronic Lymphocytic Leukemia
NCT00457743,Gastrointestinal Stromal Tumor
NCT00874978,Myelodysplastic Syndrome
NCT00216437,Liver Cancer
NCT00041262,Esophageal Cancer
NCT00096135,Leukemia
NCT00155259,Breast Cancer
NCT00088556,Non-Small Cell Lung Cancer
NCT00093730,Solid Tumors
NCT00176501,Kidney Cancer
NCT00076102,Neurofibromatosis
NCT00076102,Neurofibroma
NCT00227682,Plasma Cell Neoplasm
NCT00085462,Skin Melanoma
NCT00245089,Sarcoma
NCT02461121,Acute Myeloid Leukemia
NCT00159445,Colorectal Cancer
NCT00159445,Colon Carcinoma
NCT00080990,Solid Tumors
NCT00072670,Prostate Cancer
NCT00077025,Breast Cancer
NCT00077493,Leukemia
NCT00077493,Hematology
NCT00191477,Urinary System Neoplasm
NCT00426101,Hemophagocytic Lymphohistiocytosis
NCT02494596,Solid Tumors
NCT00226798,Epithelial Neoplasm
NCT01270906,Neoplasms
NCT01270906,Cancer
NCT01270906,Tumors
NCT00154349,Philadelphia Chromosome Positive Acute Lymphocytic Leukemia
NCT00617968,Breast Neoplasm
NCT00069160,Thoracic Neoplasm
NCT00069160,Female Reproductive System Neoplasm
NCT00069160,Female Reproductive System Neoplasm
NCT00069160,Urinary System Neoplasm
NCT00086931,Colorectal Cancer
NCT00504660,WHO Grade 3 Glioma
NCT00504660,Glioblastoma
NCT00504660,Central Nervous System Neoplasm
NCT00489983,Non-Small Cell Lung Cancer
NCT00061958,Esophageal Cancer
NCT00061958,Esophageal Cancer
NCT00061958,Esophageal Cancer
NCT00064311,Breast Cancer
NCT00064311,Myeloproliferative Neoplasm
NCT00064311,Gestational Trophoblastic Neoplasia
NCT00064311,Infectious Disorder
NCT00064311,Leukemia
NCT00064311,Hematology
NCT00064311,Plasma Cell Neoplasm
NCT00064311,Myelodysplastic Syndrome
NCT00064311,Myeloid Neoplasm
NCT00064311,Kidney Wilms Tumor
NCT00064311,Ovarian Cancer
NCT00064311,Male Reproductive System Neoplasm
NCT00319618,Brain Metastasis
NCT00168727,Non-Hodgkin Lymphoma
NCT00168727,"Lymphoma, Low-Grade"
NCT00060645,Tumors
NCT00060645,Hematology
NCT00060645,Multiple Myeloma
NCT00126269,Epithelial Neoplasm
NCT00488709,Acute Myeloid Leukemia
NCT01085058,Hodgkin Lymphoma
NCT01085058,Non-Hodgkin Lymphoma
NCT01085058,Multiple Myeloma
NCT00193479,Non-Hodgkin Lymphoma
NCT00431561,Glioblastoma
NCT00431561,Anaplastic Astrocytoma
NCT00060567,Cancer
NCT00071955,Hematology
NCT00060242,Head and Neck Neoplasm
NCT00122499,Prostate Cancer
NCT00122499,Erectile Dysfunction
NCT00060710,Malignant Melanoma
NCT00334295,Endometrial Cancer
NCT00058006,Head and Neck Neoplasm
NCT00058006,Thoracic Neoplasm
NCT00047242,Solid Tumors
NCT00149019,Epithelial Neoplasm
NCT00448643,Endometrial Cancer
NCT00044525,Breast Neoplasm
NCT00044525,Breast Cancer
NCT00256230,Skin Melanoma
NCT00023933,Colon Carcinoma
NCT00023933,Rectal Carcinoma
NCT00023933,Colon Carcinoma
NCT00023933,Rectal Carcinoma
NCT00023933,Colon Carcinoma
NCT00023933,Rectal Carcinoma
NCT00328549,Hepatitis C
NCT00328549,Anemia
NCT00024310,Solid Tumors
NCT00024310,Drug/Agent Toxicity by Tissue/Organ
NCT00030069,Myelodysplastic Syndrome
NCT00050843,Myelodysplastic Syndrome
NCT00041808,"Metastases, Neoplasm"
NCT00041808,Digestive System Neoplasm
NCT00041808,Digestive System Neoplasm
NCT00041808,Digestive System Neoplasm
NCT00041808,Pancreatic Cancer
NCT00041808,Breast Neoplasm
NCT00041808,Male Reproductive System Neoplasm
NCT00041808,Sarcoma
NCT00041808,Digestive System Neoplasm
NCT00041808,Thoracic Neoplasm
NCT00041808,Liver Cancer
NCT00041808,Bile Duct Cancer
NCT00403624,Digestive System Neoplasm
NCT00586898,Male Reproductive System Neoplasm
NCT00586898,Cancer
NCT00586898,Hormonal Cycling
NCT00038649,Chronic Leukemia
NCT00014118,Head and Neck Neoplasm
NCT00027742,Uveal Melanoma
NCT00027742,Skin Melanoma
NCT00211198,Adult T-Cell Leukemia/Lymphoma
NCT00014690,Fallopian Tube Cancer
NCT00014690,Ovarian Cancer
NCT00014690,Primary Peritoneal Cancer
NCT00022334,Liver Cancer
NCT00550784,Fallopian Tube Cancer
NCT00550784,Ovarian Cancer
NCT00550784,Peritoneal and Retroperitoneal Neoplasm
NCT00006257,Solid Tumors
NCT00006484,Thoracic Neoplasm
NCT00004208,Myelodysplastic Syndrome
NCT00008294,Colorectal Cancer
NCT00008294,Anal Cancer
NCT00006107,Head and Neck Neoplasm
NCT00005841,Uveal Melanoma
NCT00005841,Skin Melanoma
NCT00006122,Leukemia
NCT00006120,Breast Cancer
NCT00015821,Primary Myelofibrosis
NCT00005858,Bladder Cancer
NCT00005858,Breast Cancer
NCT00005858,Colorectal Cancer
NCT00005858,Thoracic Neoplasm
NCT00005858,Ovarian Cancer
NCT00005858,Pancreatic Cancer
NCT01122121,Prostate Cancer
NCT01663714,Non-Hodgkin Lymphoma
NCT00022932,Non-Hodgkin Lymphoma
NCT01225874,Leukemia
NCT00004172,Breast Cancer
NCT00004173,Solid Tumors
NCT00003810,Pancreatic Cancer
NCT00563862,Head and Neck Neoplasm
NCT00563862,Epithelial Neoplasm
NCT00004158,Plasma Cell Neoplasm
NCT00003645,Prostate Cancer
NCT00003779,Bladder Cancer
NCT00003664,Kidney Cancer
NCT00003682,Prostate Cancer
NCT00004202,Thoracic Neoplasm
NCT00003447,Thoracic Neoplasm
NCT00003463,Central Nervous System Embryonal Tumor
NCT00003687,Myeloproliferative Neoplasm
NCT00003687,Leukemia
NCT00003687,Hematology
NCT00003687,Plasma Cell Neoplasm
NCT00003687,Myelodysplastic Syndrome
NCT00003687,Connective and Soft Tissue Neoplasm
NCT00003687,Intraepithelial Neoplasia
NCT00003687,Small Intestinal Cancer
NCT00003687,Solid Tumors
NCT00003239,Leukemia
NCT00003210,Extranodal Marginal Zone Lymphoma
NCT00003210,Nodal Marginal Zone Lymphoma
NCT00003210,Diffuse Large B-Cell Lymphoma
NCT00003210,Recurrent Adult Diffuse Mixed Cell Lymphoma
NCT00003210,Recurrent Adult Diffuse Small Cleaved Cell Lymphoma
NCT00003210,Hodgkin Lymphoma
NCT00003210,Diffuse Large B-Cell Lymphoma
NCT00003210,Primary Cutaneous T-Cell Non-Hodgkin Lymphoma
NCT00003210,Grade 1 Follicular Lymphoma
NCT00003210,Grade 2 Follicular Lymphoma
NCT00003210,Grade 3 Follicular Lymphoma
NCT00003210,Mantle Cell Lymphoma
NCT00003210,Marginal Zone Lymphoma
NCT00003210,Mycosis Fungoides and Sezary Syndrome
NCT00003210,Small Lymphocytic Lymphoma
NCT00003210,Splenic Marginal Zone Lymphoma
NCT00003210,Waldenstrom Macroglobulinemia
NCT00003193,Head and Neck Neoplasm
NCT00003193,Oral Complications
NCT00003357,Breast Cancer
NCT00003128,Sarcoma
NCT00004162,Hematology
NCT00001626,Severe Aplastic Anemia (SAA)
NCT00003261,Hematology
NCT00019214,Skin Melanoma
NCT00154726,Gastric Cancer
NCT00002990,Bladder Cancer
NCT00003495,Thoracic Neoplasm
NCT00001449,Neoplasms
NCT00002865,Leukemia
NCT00869284,Hematology
NCT00002551,Colorectal Cancer
NCT00001398,Aplastic Anemia
NCT00001398,Hairy Cell Leukemia
NCT00003364,Thoracic Neoplasm
NCT00002844,Leukemia
NCT00002456,Graft Versus Host Disease
NCT00002456,Leukemia
NCT00002456,Hematology
NCT00000660,Kaposi sarcoma
NCT00000660,HIV Infection
NCT00002003,Non-Hodgkin Lymphoma
NCT00002003,HIV Infection
NCT00041691,Digestive System Neoplasm
NCT00365755,Kidney Wilms Tumor
NCT01410708,Breast Cancer
